Municipality,Establishment Count,Terminal Count,Amount Played,Amount Won,Nti Tax,State Share,Municipality Share,Population
Oregon,13,58,30182428.57,27583763.32,818444.23,688505.69,129938.54,"3,683"
Oakwood Hills,1,4,216669.74,199790.23,5281.38,4433.69,847.69,"2,245"
Merrionette Park,4,17,26567816.26,24324921.75,706616.85,594470.85,112146.0,"2,163"
Ashkum,2,8,2289711.66,2113123.06,55674.55,46845.11,8829.44,800
Grandview,5,25,13713301.51,12475853.83,390048.01,328175.5,61872.51,"1,453"
Catlin,2,8,2173863.55,1990850.19,57743.15,48592.41,9150.74,"2,077"
Warsaw,3,9,1285385.43,1175094.35,34905.69,29391.2,5514.49,"1,482"
Du Bois,3,13,2703999.04,2494188.12,65996.14,55501.39,10494.75,150
Mount Morris,7,31,9106738.43,8375722.36,230430.01,193877.88,36552.13,"2,841"
Abingdon,4,16,6492446.76,5968296.97,165040.02,138832.38,26207.64,"3,452"
Alsip,15,75,69219268.18,63475612.16,1809173.18,1521987.73,287185.45,"19,179"
Milledgeville,4,17,3975564.66,3637695.08,106286.23,89392.63,16893.6,"1,072"
Mount Olive,8,37,12134680.12,11170850.36,303327.77,255119.95,48207.82,"1,996"
Carterville,1,5,5365361.17,4924393.74,139625.99,117564.36,22061.63,"5,848"
Robbins,3,13,5303273.6,4823587.41,150698.16,126713.76,23984.4,"5,003"
Beach Park,6,27,21367120.42,19534138.13,575163.19,483513.17,91650.02,"13,534"
Mount Prospect,11,51,11772106.16,10766910.83,321955.91,271694.92,50260.99,"55,127"
Montgomery,11,54,36082036.44,33151666.78,925378.85,778857.61,146521.24,"19,216"
Westmont,17,85,94218205.17,86559443.09,2412535.3,2029573.29,382962.01,"25,036"
Hindsboro,3,14,3980149.3,3658291.79,101420.3,85325.79,16094.51,434
Burnham,3,15,12017922.67,11067215.73,299016.57,251480.63,47535.94,"4,189"
Rochester,5,20,9211947.63,8493719.31,227499.43,191586.94,35912.49,"3,696"
Raymond,2,10,3167442.23,2914815.38,79380.23,66748.87,12631.36,852
Brocton,1,5,1017524.13,930900.19,27214.05,22882.79,4331.26,383
Morrison,4,20,8039856.78,7353179.15,216943.63,182608.51,34335.12,"3,872"
Crest Hill,18,81,43051988.48,39554210.96,1102526.3,927636.26,174890.04,"20,379"
St. Peter,2,6,2063864.12,1913925.25,47045.78,39548.8,7496.98,444
Mounds,1,3,1021733.1,938023.8,26437.22,22251.76,4185.46,926
Hillside,5,25,10925875.16,9885398.64,327720.57,275695.6,52024.97,"8,096"
Dallas City,2,6,2935856.64,2684811.07,78696.42,66144.14,12552.28,944
Oak Lawn,41,203,189382882.8,174432763.93,4707465.01,3959928.11,747536.9,"56,420"
Harvard,18,82,30374646.16,27793161.9,815080.05,686002.79,129077.26,"9,292"
Argenta,2,9,3030025.48,2793157.85,74506.6,62663.17,11843.43,"1,140"
Villa Grove,4,18,5111488.12,4667136.88,140115.18,117897.45,22217.73,"2,332"
Litchfield,15,71,43282724.29,39617279.96,1156197.28,972914.29,183282.99,"7,015"
Mark,1,5,1683620.79,1550696.26,41687.08,35039.62,6647.46,544
Hoffman,1,4,893495.3,818169.2,23665.35,19899.04,3766.31,464
Elizabethtown,2,8,1834531.81,1683639.82,47301.99,39757.36,7544.63,261
Wadsworth,11,55,91710136.37,84010557.18,2424438.38,2039448.21,384990.17,"3,584"
Shabbona,2,8,4105025.57,3798509.54,96074.79,80747.52,15327.27,996
Woodhull,6,24,11537743.07,10553609.81,310391.77,261184.97,49206.8,817
Flossmoor,2,10,2606583.73,2396332.03,66505.1,55991.52,10513.58,"9,427"
Mahomet,4,19,11107034.22,10174633.77,293527.45,246905.12,46622.33,"8,327"
Loves Park,58,285,235808617.73,216183853.96,6177830.36,5196561.97,981268.39,"24,043"
Keyesport,4,20,7216592.19,6640766.06,181084.36,152292.73,28791.63,399
Maywood,1,5,4549999.47,4134229.12,130985.95,110197.37,20788.58,"23,810"
Sandwich,13,61,22213929.92,20360811.05,583393.45,490724.78,92668.67,"7,617"
Elmwood Park,24,115,111119340.37,101561642.08,3010208.76,2532318.01,477890.75,"24,680"
Northlake,12,58,28801687.06,26429057.97,748007.05,629367.54,118639.51,"12,351"
South Jacksonville,10,49,27915775.97,25584178.77,732265.55,615683.21,116582.34,"3,194"
Gardner,3,13,3164897.49,2901903.95,82337.15,69187.4,13149.75,"1,375"
Martinsville,2,10,7774316.0,7180949.29,186576.05,156906.44,29669.61,"1,289"
Galena,9,37,16857477.71,15489699.21,432615.33,364225.9,68389.43,"3,399"
Teutopolis,6,24,13499049.45,12442299.05,332702.49,279862.73,52839.76,"1,837"
Maroa,3,14,5277861.23,4840507.68,137098.87,115231.08,21867.79,"1,674"
Park Forest,7,33,9697874.41,8848354.56,268230.86,225754.41,42476.45,"21,699"
Effingham,38,177,116897903.44,107626558.35,2914810.12,2451191.01,463619.11,"12,624"
Carol Stream,16,80,75484836.76,69275197.75,1957680.21,1647178.87,310501.34,"39,989"
Seneca,10,44,11963334.55,11008488.71,301691.39,253945.02,47746.37,"2,596"
Earlville,2,9,1522273.49,1405725.36,37275.9,31447.57,5828.33,"1,770"
Kilbourne,2,10,870007.94,791947.63,24592.91,20689.87,3903.04,322
Round Lake Heights,3,15,18375977.54,16913810.1,460492.79,387364.48,73128.31,"3,208"
Fairbury,6,27,8177067.39,7509114.55,210108.93,176711.11,33397.82,"3,597"
Washington,8,37,17391851.35,16036473.63,426211.23,358440.95,67770.28,"16,556"
Nebo,1,5,1069377.2,993765.6,23759.05,19978.47,3780.58,301
Woodridge,8,39,26995980.7,24703498.59,723807.72,609098.88,114708.84,"33,493"
Bishop Hill,1,3,860928.55,796059.04,20546.5,17303.05,3243.45,114
Creal Springs,1,4,699671.34,645231.66,17094.33,14372.29,2722.04,433
Pesotum,1,4,961747.56,892767.7,21670.07,18221.0,3449.07,501
Bourbonnais,5,23,10496971.24,9635724.68,271860.7,228795.69,43065.01,"19,526"
Minonk,5,21,8778702.8,8081513.2,219397.43,184535.93,34861.5,"2,208"
Lacon,7,29,8161276.49,7507886.64,205432.28,172762.63,32669.65,"1,815"
Riverdale,3,15,3716898.56,3388131.28,102517.69,86079.27,16438.42,"12,786"
Campbell Hill,2,8,4005328.31,3715924.17,91294.0,76823.81,14470.19,303
St. Johns,2,7,3734684.73,3468569.26,83737.57,70431.78,13305.79,257
Louisville,1,5,547471.59,503823.12,13899.62,11717.17,2182.45,"1,096"
Pittsfield,8,40,16917961.96,15613916.12,411231.37,346026.71,65204.66,"4,375"
Richmond,15,69,36319761.63,33401495.84,920572.87,774638.32,145934.55,"1,880"
Fairfield,7,33,17027773.76,15747565.24,408316.25,344302.52,64013.73,"5,077"
Sublette,4,13,3196011.27,2934852.59,82501.86,69443.85,13058.01,454
Capron,2,10,3395096.1,3134719.69,81478.29,68459.41,13018.88,"1,483"
Tallula,1,5,2185820.49,2035676.92,47081.98,39574.8,7507.18,488
Philo,3,14,6471559.05,5952853.67,163835.07,137899.75,25935.32,"1,500"
Fithian,1,5,1551726.37,1417302.74,42550.81,35829.62,6721.19,445
McLean,1,5,7762092.65,7144367.14,195111.3,164208.16,30903.14,793
Oglesby,15,68,26638603.89,24502908.56,672962.0,566176.53,106785.47,"3,669"
Marion,34,158,82611075.31,75702926.49,2175543.67,1830127.45,345416.22,"17,646"
Roanoke,3,9,2061231.4,1892158.97,53127.73,44674.34,8453.39,"2,032"
Gilman,9,39,18490055.23,17003294.61,467460.52,393122.28,74338.24,"1,824"
Altamont,8,36,11341008.97,10459061.33,276935.6,232838.13,44097.47,"2,260"
Durand,5,25,8235181.41,7573254.75,208650.13,175553.59,33096.54,"1,379"
Golconda,1,5,2502939.62,2307108.65,61707.65,51916.07,9791.58,781
Lily Lake,1,5,6526962.49,6018486.39,160534.41,135110.53,25423.88,"1,091"
Vermont,2,6,1007180.79,918552.6,27766.19,23334.74,4431.45,777
Red Bud,9,39,13395624.84,12324566.82,339129.22,285570.9,53558.32,"3,557"
Highland,16,74,28390092.54,25967622.98,763889.97,642761.97,121128.0,"10,020"
Steger,12,57,40657576.71,37381217.17,1031631.72,867808.79,163822.93,"9,439"
Belgium,2,9,6825757.9,6295510.12,166104.42,139591.88,26512.54,392
Arthur,3,15,4884542.47,4482140.09,126243.67,106123.51,20120.16,"2,622"
Mackinaw,1,4,1571058.75,1441878.7,40671.66,34212.62,6459.04,"2,023"
Ruma,2,6,820153.69,756664.64,19832.4,16657.89,3174.51,308
Hoopeston,7,32,15823457.47,14537859.07,404908.41,340622.79,64285.62,"5,229"
Toulon,2,4,1253265.42,1156253.23,30549.38,25698.73,4850.65,"1,276"
Normal,16,72,57591133.63,52713119.16,1535029.08,1291126.53,243902.55,"54,808"
Chenoa,4,20,11120340.44,10208370.97,287412.12,241813.98,45598.14,"2,037"
Divernon,6,30,10902019.31,9969008.3,293420.55,246768.27,46652.28,"1,098"
Germantown Hills,3,14,4013640.93,3667691.83,109231.68,91934.17,17297.51,"3,478"
Flanagan,3,14,4577228.32,4209855.71,116203.21,97804.92,18398.29,"1,013"
Bethalto,5,24,10777174.0,9898688.57,276815.2,232890.01,43925.19,"9,311"
Pecatonica,5,23,8941059.62,8205600.28,231704.82,194929.73,36775.09,"2,228"
Davis Junction,3,15,7040328.96,6469044.23,179486.81,150922.49,28564.32,"2,508"
Homer,1,4,1015936.86,933621.69,26004.85,21889.31,4115.54,"1,266"
Manteno,12,58,42234045.68,38739029.88,1100586.17,925833.28,174752.89,"8,652"
Pocahontas,6,26,8917135.65,8213062.21,221875.75,186671.99,35203.76,733
Alorton,2,10,16471038.15,14901598.19,494502.29,416023.0,78479.29,"1,965"
Stockton,6,30,16194574.23,14880180.16,413265.34,347544.38,65720.96,"2,027"
Long Grove,6,27,5336894.09,4868691.55,147090.01,123676.58,23413.43,"7,978"
Bull Valley,1,4,184113.23,169543.43,4554.35,3837.46,716.89,"1,267"
Easton,1,5,1179023.05,1088210.26,28681.29,24140.64,4540.65,297
Mattoon,29,143,98421812.57,90370524.26,2535640.43,2133073.02,402567.41,"17,597"
Peru,28,131,65483846.29,60248393.26,1647395.4,1385611.97,261783.43,"9,864"
Alexis,2,7,1141992.25,1034227.15,34289.19,28900.93,5388.26,885
Oakwood,4,20,20707738.78,18975679.09,546167.74,459563.88,86603.86,"1,053"
Benld,4,19,4641984.9,4248640.38,123986.54,104319.22,19667.32,"1,616"
New Holland,1,3,820557.42,752947.57,21272.87,17892.33,3380.54,268
Ashton,3,15,5153686.27,4699629.91,142782.22,120077.5,22704.72,"1,081"
Middletown,1,4,1142724.35,1062009.65,25615.62,21579.91,4035.71,317
Humboldt,1,5,848767.95,783286.19,20702.03,17427.89,3274.14,500
Crete,17,77,39038637.35,35780096.02,1029237.99,866306.19,162931.8,"8,184"
Knoxville,3,15,11032121.97,10086789.0,297409.52,250134.19,47275.33,"2,988"
Schiller Park,11,52,30403788.25,27701513.64,853221.44,718105.54,135115.9,"11,704"
New Lenox,18,84,69191576.53,63728273.26,1724663.74,1451513.47,273150.27,"26,032"
Bridgeport,6,24,5887954.23,5423283.36,145532.01,122298.32,23233.69,"1,957"
Midlothian,28,139,78661574.2,72191271.08,2038556.4,1715045.78,323510.62,"14,718"
Morris,26,119,67895021.47,61860977.78,1899359.26,1597652.73,301706.53,"13,983"
Christopher,8,34,15587287.64,14368803.16,383778.03,322853.64,60924.39,"2,725"
Newman,3,13,4178101.53,3855886.44,102619.3,86508.39,16110.91,774
New Athens,4,19,4141502.14,3768574.88,117733.16,99086.19,18646.97,"2,239"
Kincaid,2,10,1464680.72,1340269.08,40095.37,33874.45,6220.92,"1,596"
Hennepin,2,8,3577817.89,3318205.36,81221.56,68235.84,12985.72,792
New Baden,4,15,12240841.6,11246750.73,313209.21,263504.17,49705.04,"3,258"
Williamsville,2,8,8444964.36,7706877.92,232807.72,195903.32,36904.4,"1,423"
Chatham,11,51,25792030.41,23835614.69,616197.67,518378.22,97819.45,"12,535"
Fox Lake,26,120,69566595.76,63747593.81,1833670.37,1542706.5,290963.87,"10,606"
Summerfield,1,3,1376046.61,1268358.44,33904.18,28519.73,5384.45,405
Peotone,8,38,14189433.23,13077231.97,350193.38,294579.81,55613.57,"4,294"
Niles,29,142,110366403.17,101475957.03,2805719.13,2361191.85,444527.28,"29,640"
Zeigler,2,10,6313807.67,5800470.01,161690.11,136023.12,25666.99,"1,836"
Tuscola,10,45,25365276.17,23389653.63,623045.56,524261.62,98783.94,"4,630"
Neponset,2,9,2818990.63,2609728.95,65846.59,55383.44,10463.15,539
Hickory Hills,18,85,70877592.23,64920912.28,1876561.24,1578722.43,297838.81,"14,018"
Olney,12,54,35042151.13,32249574.35,879781.45,740148.67,139632.78,"8,808"
Park City,2,10,8774184.32,8017102.15,238884.14,201030.01,37854.13,"7,456"
Cerro Gordo,2,9,1463997.08,1346597.62,37502.57,31632.59,5869.98,"1,371"
Mendon,3,15,5174963.01,4739859.79,137047.65,115291.03,21756.62,915
Norwood,1,5,2201499.39,2018325.64,57556.62,48397.89,9158.73,430
Chapin,1,5,1456845.61,1344471.16,35257.18,29638.4,5618.78,458
Rankin,2,6,772836.62,708681.02,20165.63,16956.71,3208.92,563
Arcola,3,13,7247983.28,6724248.7,164477.67,138290.48,26187.19,"2,680"
Andalusia,1,4,1160465.12,1057702.62,32518.04,27379.89,5138.15,"1,113"
St. Anne,2,7,1641650.33,1497828.36,45204.11,38012.95,7191.16,"1,361"
Sullivan,7,32,9593350.08,8807060.11,248392.06,209077.38,39314.68,"4,538"
Addison,23,111,88623932.26,80762581.15,2476573.63,2083474.53,393099.1,"37,089"
Mount Carmel,10,44,20230344.28,18554387.26,528820.5,445022.37,83798.13,"7,040"
Chandlerville,3,10,2155741.05,1964732.29,60145.6,50595.13,9550.47,452
Junction City,1,4,1154637.85,1069521.83,26783.46,22527.68,4255.78,539
Clayton,1,4,721310.66,661957.7,18730.04,15762.37,2967.67,634
Round Lake,9,45,33751275.16,30950155.47,882084.69,742027.39,140057.3,"18,489"
Lee,1,5,985924.95,897128.91,28111.85,23672.03,4439.82,335
Chester,12,54,28820278.68,26485499.56,735015.37,618274.86,116740.51,"8,410"
Herrin,25,116,53394495.79,49240678.5,1307542.76,1099846.41,207696.35,"12,869"
Taylorville,36,174,73171573.4,67069131.45,1924138.37,1618992.94,305145.43,"10,964"
Cahokia,17,75,25303700.25,23288742.11,635545.89,534792.34,100753.55,"14,271"
Saybrook,1,4,833446.6,763267.76,22038.45,18529.45,3509.0,775
Columbia,10,44,27044449.69,24965756.31,655454.58,551515.75,103938.83,"10,503"
McCook,6,29,19762760.05,18176834.51,499803.51,420506.33,79297.18,261
Caseyville,17,73,44571066.32,40869888.45,1163035.04,977964.32,185070.72,"4,018"
Moline,39,167,79118739.65,72105213.14,2208542.51,1857856.86,350685.65,"42,364"
Ava,2,7,1880909.07,1737231.61,45054.45,37870.42,7184.03,602
Winchester,4,18,6075528.39,5628783.82,141930.85,119593.42,22337.43,"1,898"
Virginia,6,24,8939024.93,8199232.2,233087.26,196097.44,36989.82,"1,323"
Ina,1,5,7676008.31,6951480.6,227519.15,191290.83,36228.32,"2,495"
Harvel,1,5,702914.06,643139.6,18739.85,15751.13,2988.72,235
Wenona,6,26,8490209.82,7822106.37,210145.47,176734.87,33410.6,"1,026"
Virden,5,22,10381150.39,9551670.57,261716.46,220234.6,41481.86,"3,506"
Thomasboro,1,5,1698110.5,1569091.56,40405.05,33954.03,6451.02,"1,061"
Valmeyer,1,4,571097.66,528516.8,13407.62,11278.53,2129.09,"1,320"
Westfield,1,3,34694.99,31574.51,892.0,743.33,148.67,728
Claremont,1,4,930570.95,854492.56,23963.51,20159.55,3803.96,230
Mount Sterling,4,16,4447299.37,4063020.03,121935.39,102721.35,19214.04,"2,227"
Astoria,1,3,824554.37,762611.18,19621.3,16524.14,3097.16,907
Ohio,2,8,1740750.32,1595786.18,45780.65,38532.11,7248.54,513
Bushnell,5,20,6894862.57,6332776.32,176393.43,148281.7,28111.73,"2,776"
Lansing,16,76,54956811.77,50551947.53,1389196.75,1168951.89,220244.86,"28,141"
Hinckley,4,17,6304131.1,5789907.24,162527.65,136816.24,25711.41,"2,083"
Shiloh,5,25,24627909.99,22525447.93,665040.0,559908.15,105131.85,"13,250"
McHenry,38,180,117842716.45,108030386.98,3093422.39,2602793.37,490629.02,"26,740"
Kewanee,24,100,43015999.43,39642116.21,1061359.64,892663.03,168696.61,"12,570"
Table Grove,2,6,1129760.62,1025069.82,33350.78,28116.26,5234.52,501
Jerome,8,40,24018441.49,21899295.34,667386.65,561427.24,105959.41,"1,883"
Braidwood,8,36,10500346.2,9624949.37,275900.93,232130.98,43769.95,"6,284"
Gridley,1,5,1386605.34,1270115.4,36636.27,30811.72,5824.55,"1,577"
Orangeville,3,13,2927401.28,2688733.9,75020.71,63084.65,11936.06,803
Monee,9,44,35850500.53,32826881.94,951249.7,800073.28,151176.42,"5,124"
Fox River Grove,8,36,23384387.9,21451724.15,606097.56,509462.93,96634.63,"4,899"
Dixmoor,2,10,6132609.72,5605277.36,165722.57,139355.38,26367.19,"3,657"
Westville,6,30,18700304.95,17125618.9,496603.37,417867.51,78735.86,"3,288"
Grant Park,2,8,2320825.89,2117596.45,64083.89,53919.62,10164.27,"1,313"
Hartford,4,18,7963918.73,7358767.04,190386.28,160127.56,30258.72,"1,688"
Arenzville,1,2,339991.27,309975.37,9439.09,7938.27,1500.82,465
Oswego,12,60,47132293.73,43242176.24,1225054.24,1030541.82,194512.42,"34,383"
Galesburg,33,156,90077254.79,82364451.7,2426782.01,2041088.18,385693.83,"30,986"
Aroma Park,4,16,9284583.27,8496941.85,249093.05,209704.72,39388.33,813
Long Creek,3,15,14924571.67,13756933.43,367278.8,308896.68,58382.12,"1,548"
Decatur,90,440,375209678.8,343434636.21,10006549.65,8417774.76,1588774.89,"72,969"
New Haven,1,5,2047646.03,1900316.49,46227.12,38860.58,7366.54,356
Dolton,14,62,47112553.4,43114663.7,1259756.89,1059852.88,199904.01,"22,927"
West Frankfort,12,54,28519690.14,26190948.34,733298.07,616844.35,116453.72,"7,905"
Scales Mound,1,4,1477765.91,1354903.69,38832.21,32689.09,6143.12,493
Atlanta,4,16,4483891.68,4155989.39,103407.63,87012.45,16395.18,"1,965"
Loraine,1,4,1609645.72,1475462.96,42394.67,35685.49,6709.18,331
Blandinsville,3,9,2656049.88,2450922.12,64532.92,54275.92,10257.0,685
Sandoval,7,33,8481546.14,7853317.52,196965.3,165553.49,31411.81,"1,269"
Broadview,5,24,20310753.04,18542212.26,556400.81,467972.41,88428.4,"7,829"
Brookfield,15,71,38441444.69,35186186.24,1025872.14,863108.36,162763.78,"18,858"
Marengo,13,63,25127897.06,22994987.05,672644.52,565997.69,106646.83,"8,175"
Danville,29,133,74486885.27,68242818.92,1963420.83,1651207.92,312212.91,"31,554"
Dongola,1,5,2251651.66,2032611.45,69169.5,58217.48,10952.02,799
Lake Zurich,15,74,57407203.05,52715276.02,1478978.67,1244355.84,234622.83,"19,970"
Farmer City,6,31,9263398.33,8430728.49,262753.35,221118.4,41634.95,"1,926"
Darien,9,43,51580277.21,47188931.07,1385999.31,1166412.39,219586.92,"22,126"
Ullin,1,4,108324.22,104051.39,1410.01,1196.37,213.64,444
Sheridan,3,13,5694267.8,5232120.13,145282.3,122174.8,23107.5,"2,628"
Deer Grove,1,5,272691.31,247100.89,8324.63,7045.09,1279.54,57
Bloomington,58,271,201987515.4,185379330.74,5229414.53,4398988.96,830425.57,"78,331"
Carthage,3,13,4339362.77,3968699.49,117208.45,98675.1,18533.35,"2,466"
Cooksville,1,5,2015264.89,1867762.2,46440.89,39065.71,7375.18,169
Rutland,1,5,188827.26,172418.16,5414.89,4594.46,820.43,251
Hebron,5,25,10624642.89,9650094.16,307616.6,258886.71,48729.89,"1,384"
Indian Head Park,4,20,21771764.77,19997936.21,558735.07,470043.47,88691.6,"3,812"
Gibson City,9,40,14885894.73,13675253.54,383046.6,322514.32,60532.28,"3,328"
West Dundee,11,46,10301586.27,9391473.14,286303.04,240797.12,45505.92,"7,535"
Troy Grove,2,6,933510.29,868552.91,20334.37,17086.5,3247.87,261
Ringwood,2,10,4728804.09,4325438.34,126777.63,106608.7,20168.93,743
Green Valley,1,5,2233847.36,2038443.26,61770.4,52000.18,9770.22,750
Williamsfield,1,4,1018143.83,934659.13,26233.24,22058.99,4174.25,461
Wauconda,18,89,55933331.09,51163876.98,1503714.54,1265228.16,238486.38,"13,754"
Royalton,3,13,2640939.51,2407765.81,72193.64,60534.84,11658.8,"1,119"
Wood Dale,12,58,34671300.98,31735470.97,924628.5,777827.27,146801.23,"13,848"
Stonington,1,5,1210363.75,1120241.07,28410.76,23904.61,4506.15,906
Polo,3,13,4643181.55,4243635.46,125586.91,105609.53,19977.38,"2,168"
Manito,3,13,5336255.47,4915414.17,132499.47,111456.55,21042.92,"1,513"
Emden,2,9,3332027.94,3093285.41,75314.46,63377.29,11937.17,518
Pierron,3,12,3338201.66,3060160.15,86819.74,72917.58,13902.16,446
Moweaqua,3,13,4188343.12,3825864.51,114474.51,96350.44,18124.07,"1,893"
Hodgkins,2,10,9862469.03,8988591.34,275669.98,231976.0,43693.98,"1,967"
Island Lake,6,30,21266599.1,19606856.29,522987.39,440000.03,82987.36,"8,056"
Palestine,3,12,2485864.08,2272257.86,67073.11,56392.73,10680.38,"1,191"
Walnut,4,15,5077551.71,4663867.6,129661.3,108976.9,20684.4,"1,389"
Champaign,63,290,216476319.62,198891446.58,5536547.51,4657291.06,879256.45,"86,791"
Herscher,3,13,4483387.87,4140160.42,108548.18,91385.92,17162.26,"1,471"
Martinton,1,3,925491.11,845869.29,24964.61,20983.5,3981.11,356
Glasford,2,7,2146972.69,1974414.3,54540.22,45912.32,8627.9,"1,223"
Wheeling,21,93,62956411.08,57725154.45,1656260.44,1394681.9,261578.54,"38,424"
Loda,2,9,5272365.07,4866579.84,128048.74,107758.91,20289.83,324
Hanover,6,25,2062752.89,1892334.02,54321.36,45800.18,8521.18,645
Lena,4,20,6047864.52,5539060.46,160703.35,135259.15,25444.2,"2,873"
Saunemin,2,9,2766536.03,2543165.25,70486.64,59318.03,11168.61,376
Bradley,20,93,67824375.91,62279262.18,1747400.39,1470108.04,277292.35,"15,428"
Shorewood,6,29,9980968.63,9111065.57,276036.79,232541.48,43495.31,"17,026"
Macomb,11,41,17859315.26,16397359.56,462537.42,389437.97,73099.45,"18,118"
Bloomingdale,6,26,15379336.52,14146256.37,389712.82,328046.85,61665.97,"22,138"
Phoenix,2,6,7774832.33,7125191.5,203673.43,171189.53,32483.9,"2,020"
Hoffman Estates,29,142,104195481.89,95460836.18,2752196.31,2315451.76,436744.55,"51,282"
Rock City,1,5,2482424.77,2279932.64,63743.64,53618.97,10124.67,296
Round Lake Beach,15,72,71298767.66,65388753.33,1862407.97,1566899.14,295508.83,"27,692"
Andover,1,5,2321432.9,2111336.22,65830.9,55326.05,10504.85,563
Tampico,2,10,2109612.16,1927466.23,57927.86,48783.36,9144.5,735
Jerseyville,14,65,26510519.02,24437730.13,652865.84,549229.46,103636.38,"8,127"
Carbon Hill,2,9,3513766.36,3237076.06,87250.46,73415.92,13834.54,311
La Harpe,1,3,99860.25,88505.03,3586.12,3018.34,567.78,"1,411"
North Pekin,5,24,15215928.84,13979544.79,388477.85,326656.91,61820.94,"1,384"
Cortland,1,5,2684180.79,2483991.8,63261.68,53251.4,10010.28,"4,087"
Willisville,3,13,4626119.05,4248120.24,118997.01,100095.01,18902.0,644
Tolono,5,23,8791338.62,8088759.15,221559.87,186428.56,35131.31,"3,086"
Reynolds,1,3,1183093.58,1106145.79,24283.87,20436.45,3847.42,506
Cordova,2,10,3271234.91,3016176.25,80247.16,67494.2,12752.96,705
Tonica,2,9,3069250.73,2838284.19,72677.84,61129.45,11548.39,725
New Berlin,4,20,8408258.79,7722721.96,216470.2,182190.62,34279.58,"1,553"
Berwyn,58,270,165425160.83,151302830.07,4447434.06,3741303.97,706130.09,"55,949"
White Hall,3,14,5526440.23,5046706.07,151597.79,127610.83,23986.96,"2,321"
Spaulding,2,10,6116006.63,5642043.77,149515.3,125817.1,23698.2,950
Crystal Lake,16,46,29464681.69,26866061.34,819161.05,689229.56,129931.49,"40,170"
Kempton,1,3,540706.29,505543.15,11034.51,9276.29,1758.22,231
Burbank,24,117,111820876.77,103142249.26,2732033.7,2298094.7,433939.0,"28,947"
Findlay,3,10,1432027.75,1317621.99,36386.29,30665.95,5720.34,728
Fairview,1,3,1042401.55,952132.94,28275.37,23761.87,4513.5,"2,519"
Batavia,7,35,20456447.43,18839381.35,510581.76,429723.57,80858.19,"26,282"
Cherry Valley,13,65,45226193.01,41623933.79,1136262.85,956140.43,180122.42,"2,895"
Chatsworth,2,9,2096112.64,1929305.14,52189.97,43849.55,8340.42,"1,196"
Gilberts,8,40,23443936.03,21545746.8,598012.97,503095.38,94917.59,"7,742"
Monroe Center,4,20,10867039.1,10056359.34,256834.14,216298.06,40536.08,402
Nokomis,5,21,4734164.96,4366992.89,115555.56,97193.32,18362.24,"2,102"
Greenup,7,31,17568558.48,16052226.2,477633.24,401815.86,75817.38,"1,705"
Buffalo Grove,10,48,22886734.85,21029039.92,584564.94,491679.33,92885.61,"41,329"
Marine,2,9,5180654.25,4786063.12,124150.24,104420.65,19729.59,947
Pawnee,4,20,10105236.69,9296697.36,254993.87,214566.78,40427.09,"2,631"
Dunlap,4,18,4981409.24,4605931.19,117879.29,99105.26,18774.03,"1,160"
Georgetown,4,15,10379428.54,9578136.88,252428.62,212363.53,40065.09,"4,878"
Albers,1,4,1546280.29,1419896.7,39710.5,33391.29,6319.21,"1,184"
Smithton,6,30,15813074.56,14567401.43,393006.23,330721.86,62284.37,"3,980"
Prairie Grove,2,9,5111262.64,4703522.28,128108.5,107721.42,20387.08,"1,826"
Viola,2,6,395218.64,367075.41,8916.7,7509.52,1407.18,937
Bradford,3,12,2314801.64,2127915.14,59327.05,49982.68,9344.37,660
Shawneetown,3,13,2350073.19,2188500.98,51100.2,43021.53,8078.67,"1,292"
Glendale Heights,15,74,68313580.56,62823040.38,1728142.38,1453614.22,274528.16,"34,280"
Chebanse,4,17,2957670.77,2724137.91,73223.42,61546.58,11676.84,"1,138"
Rochelle,15,68,37070684.8,34022907.22,959064.92,806677.93,152386.99,"9,196"
Camp Point,2,7,1137764.18,1034965.26,32120.06,26980.09,5139.97,"1,136"
Freeport,27,131,86629692.28,79224351.18,2332359.84,1962073.83,370286.01,"24,300"
Waukegan,56,272,272080786.35,248672639.83,7373559.38,6203097.77,1170461.61,"87,571"
Bulpitt,2,10,4678033.49,4280482.57,125411.95,105534.26,19877.69,199
Elgin,34,157,91828929.21,84194220.72,2406380.52,2024640.62,381739.9,"113,023"
Plano,12,53,25367858.25,23186825.5,688342.56,579287.25,109055.31,"11,766"
Woodson,1,5,2453228.68,2237977.14,67401.18,56638.61,10762.57,404
Danvers,1,3,1776882.58,1643347.72,42011.02,35334.22,6676.8,"1,108"
Pearl City,2,8,1460740.03,1334129.57,39818.09,33487.52,6330.57,785
Waltonville,1,5,3057386.13,2836611.22,69411.98,58373.22,11038.76,418
Lindenhurst,4,20,15382978.41,14057972.89,418802.45,352552.09,66250.36,"14,495"
Addieville,1,5,939917.34,860520.6,25020.09,21050.2,3969.89,344
Chillicothe,15,71,33421881.72,30856947.55,806325.16,678069.42,128255.74,"6,135"
Reddick,1,3,779399.67,715272.91,20234.11,17027.74,3206.37,222
Kankakee,43,202,118651105.91,108991766.22,3037728.71,2554743.19,482985.52,"25,884"
Curran,1,5,1624766.27,1487029.01,43393.58,36506.7,6886.88,252
Vienna,5,25,7680209.31,7040228.42,200784.25,168784.91,31999.34,"1,490"
Coal City,7,31,14901638.76,13650894.98,393866.06,331322.47,62543.59,"5,427"
Tilton,9,44,43692585.86,40037031.22,1152294.26,969501.39,182792.87,"2,621"
Hometown,6,30,39824844.16,36361501.47,1092659.59,919442.9,173216.69,"4,308"
Washburn,2,9,891209.21,811044.13,25456.16,21447.86,4008.3,"1,097"
Madison,14,68,42706133.27,39009308.95,1163085.96,978215.93,184870.03,"3,714"
Harvey,17,81,28091889.66,25683461.72,761795.62,641370.05,120425.57,"24,599"
Glenwood,9,46,23517284.89,21497696.76,634960.92,533978.66,100982.26,"8,766"
South Beloit,16,81,79723165.49,73061977.47,2097168.31,1764112.4,333055.91,"7,827"
Pingree Grove,3,15,15071730.37,13892774.06,370270.92,311322.91,58948.01,"7,337"
Brighton,1,4,1870661.86,1718992.95,48018.51,40435.06,7583.45,"2,215"
Leaf River,2,7,1078825.12,993109.85,26953.22,22667.41,4285.81,548
Altona,1,5,2129453.92,1972241.17,49928.81,42068.13,7860.68,642
New Milford,4,20,12775819.15,11758817.98,319499.15,268649.03,50850.12,682
East Brooklyn,1,5,1803718.32,1659953.27,45556.05,38367.75,7188.3,90
East Gillespie,2,10,4328453.44,3975497.58,110817.56,93169.72,17647.84,214
Downs,3,11,3854443.93,3556439.0,92951.81,78051.52,14900.29,886
Cary,10,48,22830101.79,20871099.43,618077.65,520126.39,97951.26,"17,871"
London Mills,2,8,2143077.16,1981952.17,50655.7,42599.27,8056.43,374
St. Jacob,1,5,1177863.39,1099891.77,24373.57,20474.95,3898.62,"1,392"
Algonquin,18,79,29890609.87,27240118.25,833252.7,700727.37,132525.33,"30,709"
Carbon Cliff,2,10,3426751.9,3118819.26,96649.36,81252.64,15396.72,"1,893"
Mapleton,1,5,534923.64,497817.67,12244.99,10389.68,1855.31,295
Third Lake,3,11,6211940.6,5685811.88,166101.9,139795.28,26306.62,"1,133"
Benson,1,4,1839017.78,1704556.58,42092.75,35369.68,6723.07,496
New Minden,2,10,1517129.9,1376826.48,44348.9,37333.66,7015.24,163
Mulberry Grove,2,9,758597.54,703655.69,17107.53,14360.39,2747.14,592
Ramsey,3,13,4469384.23,4064208.48,128877.41,108618.56,20258.85,"1,063"
Lostant,1,5,427549.01,383268.04,14612.73,12398.68,2214.05,472
Beecher,9,40,17486956.17,16031246.12,458363.9,385577.8,72786.1,"4,382"
McNabb,1,4,810035.73,750389.65,18097.85,15220.6,2877.25,283
Sigel,1,5,1854340.29,1719059.41,42638.02,35873.94,6764.08,399
Machesney Park,15,73,57057691.84,52441924.83,1448726.87,1217937.88,230788.99,"22,906"
Sheldon,2,8,2331896.75,2151697.14,56576.12,47565.61,9010.51,"1,305"
Evansville,3,13,3412641.96,3153645.1,81979.91,69029.9,12950.01,715
Beardstown,12,55,25491660.15,23359348.52,672647.33,566028.88,106618.45,"5,902"
Homewood,7,35,20804951.31,19079470.35,544719.35,458434.0,86285.35,"19,592"
Petersburg,5,22,11925116.41,10991371.57,294424.1,247737.61,46686.49,"2,346"
Farmersville,3,13,9087916.66,8394930.75,218635.57,183983.66,34651.91,667
Forest View,3,15,27817572.97,25683450.86,672176.01,565444.1,106731.91,892
Green Oaks,2,8,9640076.88,8880424.84,238874.89,200870.46,38004.43,"3,851"
Beckemeyer,2,10,7267220.3,6700482.74,178845.53,150507.88,28337.65,"1,024"
Sycamore,16,74,36475899.79,33346581.98,984291.73,827821.97,156469.76,"17,725"
Hopkins Park,1,5,1364529.4,1244199.51,38321.5,32304.97,6016.53,426
Mineral,1,5,2544192.75,2317252.43,71281.82,59934.74,11347.08,231
Forrest,2,8,1747139.71,1606201.54,44399.65,37352.71,7046.94,"1,109"
Poplar Grove,9,41,21243654.05,19551550.77,533828.21,449222.39,84605.82,"4,757"
Lovington,2,10,2777536.8,2566713.53,66379.16,55837.15,10542.01,"1,117"
Roberts,3,11,1996174.65,1825195.12,53928.95,45379.91,8549.04,446
Lemont,23,107,64771748.51,59728632.3,1589295.26,1337134.19,252161.07,"16,935"
South Elgin,19,92,75835425.7,69406320.99,2025967.26,1704506.34,321460.92,"22,522"
Gifford,2,10,4820821.54,4465553.8,112292.08,94516.07,17776.01,900
Lawrenceville,12,57,16299204.52,15055959.95,392338.78,330173.84,62164.94,"4,417"
Damiansville,1,5,1104627.5,1019479.0,26846.72,22589.3,4257.42,587
Ludlow,1,3,1883427.19,1757512.63,39565.43,33269.7,6295.73,382
Quincy,77,243,138753302.16,126719402.75,3790889.68,3189181.5,601708.18,"40,428"
Breese,11,47,15550434.1,14264679.98,405171.54,340882.73,64288.81,"4,453"
Okawville,7,28,11875786.52,10923715.3,299427.8,251824.44,47603.36,"1,569"
Lake Villa,14,61,33460602.16,30737452.9,858084.4,721923.91,136160.49,"8,762"
Belvidere,31,153,89217672.06,81639580.96,2387799.24,2008882.74,378916.5,"25,319"
Minooka,9,40,17606984.86,16167406.7,453764.52,381773.72,71990.8,"11,291"
North City,1,5,2985014.6,2708140.11,86813.53,72969.78,13843.75,717
Milan,14,65,23076103.29,21029426.05,644070.19,541735.96,102334.23,"5,084"
Wilsonville,2,7,1242743.43,1139871.38,32348.42,27204.76,5143.66,690
Muddy,1,5,1021628.43,952915.78,21326.77,17891.13,3435.64,48
Worth,15,74,58383372.91,53703738.63,1472862.22,1238865.38,233996.84,"10,728"
Marissa,4,19,2565853.9,2361943.04,64040.47,53844.91,10195.56,"1,641"
New Boston,2,9,4119073.34,3793900.2,102124.36,85864.26,16260.1,519
Round Lake Park,5,25,10977225.07,9998225.38,308467.48,259513.4,48954.08,"8,057"
Willowbrook,4,20,12201191.01,11161876.11,326102.96,274136.98,51965.98,"2,082"
El Paso,9,43,12050782.98,11083377.76,304955.5,256583.86,48371.64,"2,820"
Stanford,1,3,881676.5,810285.53,22769.37,19199.82,3569.55,712
Payson,1,4,1969973.72,1792783.82,55937.58,47078.07,8859.51,"1,243"
East Alton,20,96,46204540.08,42437959.21,1187484.68,999151.6,188333.08,"6,099"
Joliet,85,385,214853236.86,197008381.55,5619326.12,4727054.08,892272.04,"147,957"
Benton,14,66,22105510.53,20304249.06,566881.98,476817.08,90064.9,"6,980"
Fairmont City,9,44,21364651.58,19632793.83,545419.66,458822.39,86597.27,"2,519"
West Peoria,15,60,27600099.34,25325445.83,724258.74,610523.97,113734.77,"4,731"
Harrisburg,20,98,49842720.92,45992218.67,1210297.26,1017768.82,192528.44,"8,958"
Spring Valley,11,51,19605508.19,18052091.17,489180.87,411508.61,77672.26,"5,282"
Central City,5,25,19452636.25,17987744.47,461906.54,388660.7,73245.84,"1,259"
Newton,8,33,8803752.49,8061957.3,234479.1,197387.12,37091.98,"2,766"
Cantrall,1,3,1270835.29,1173875.45,30573.6,25725.62,4847.98,223
Aviston,3,10,2530828.25,2334827.64,61920.15,52120.1,9800.05,"2,166"
Mendota,18,80,35929336.12,32917213.38,948911.83,798299.51,150612.32,"7,035"
Greenville,7,31,20232458.29,18587588.25,518176.75,435929.73,82247.02,"6,607"
Prophetstown,5,25,3884821.79,3573335.12,99249.47,83674.84,15574.63,"2,099"
Buckley,3,15,4547688.99,4193404.42,112232.61,94518.28,17714.33,539
Palos Hills,11,51,38950856.8,35853518.41,974665.41,819793.99,154871.42,"17,443"
Tamaroa,3,14,3245012.74,2980785.19,83844.03,70632.53,13211.5,661
Atkinson,1,5,637150.14,574909.44,19567.17,16455.1,3112.07,"1,281"
Auburn,11,50,18490673.95,16967332.07,480590.42,404400.53,76189.89,"4,805"
Magnolia,1,5,649651.27,592491.26,17883.17,15025.15,2858.02,336
Carbondale,26,115,61345133.22,56652744.93,1477283.73,1242658.76,234624.97,"25,846"
Troy,14,65,42680236.77,39019903.24,1153157.54,970132.35,183025.19,"10,356"
Mechanicsburg,4,18,4010023.44,3636413.68,117891.48,99210.7,18680.78,729
Coulterville,4,20,17465977.03,16140926.83,417458.58,351203.99,66254.59,943
Eureka,1,5,1314890.98,1215738.39,30955.28,25997.58,4957.7,"6,114"
Dwight,11,50,23499925.83,21582007.51,602185.19,506286.49,95898.7,"4,130"
Pleasant Plains,2,10,3504780.77,3211937.4,92401.65,77759.22,14642.43,767
Bethany,2,9,1210274.53,1111327.88,31427.65,26480.25,4947.4,"1,204"
River Grove,16,79,59345306.62,54286473.52,1594868.99,1341926.58,252942.41,"10,148"
Pontoon Beach,10,49,54582504.75,49982113.01,1449341.6,1219321.68,230019.92,"5,725"
Elk Grove Village,25,124,102984826.66,94285933.52,2738337.91,2303377.72,434960.19,"32,997"
Collinsville,19,83,46252581.79,42509237.92,1181440.09,994268.94,187171.15,"24,756"
Harmon,1,5,2699471.17,2494478.21,64681.73,54431.94,10249.79,127
Odell,3,11,3502459.24,3209828.25,92087.84,77456.14,14631.7,"1,042"
Orion,5,21,4086502.8,3743511.77,108166.37,91016.72,17149.65,"2,029"
Mascoutah,10,40,32710761.14,30083418.73,826960.95,695590.51,131370.44,"8,007"
Centreville,2,10,8436568.45,7681184.38,238399.37,200630.18,37769.19,"5,059"
Eldorado,6,30,19288233.96,17724406.9,491825.07,413629.07,78196.0,"4,240"
Ipava,3,7,1320196.88,1203807.51,36714.95,30895.47,5819.48,491
Romeoville,18,83,69692421.67,63911231.26,1818754.74,1529690.59,289064.15,"39,702"
Mound City,1,4,860077.88,796199.95,19826.1,16653.76,3172.34,653
Ohlman,1,5,2132534.49,1951566.86,57377.88,48329.49,9048.39,112
Niantic,1,3,981121.69,912987.82,21690.38,18283.68,3406.7,459
Ridge Farm,2,8,2111843.73,1940799.73,53610.74,45058.51,8552.23,904
Paw Paw,1,4,1170560.85,1072688.7,30924.93,26031.27,4893.66,764
Oak Forest,19,91,72657125.16,66845293.9,1828372.64,1537779.1,290593.54,"27,843"
St. David,2,6,2107845.86,1952662.36,49182.64,41423.46,7759.18,634
Canton,12,58,34018184.88,31431571.63,813412.69,684080.4,129332.29,"13,789"
Evergreen Park,1,5,8037199.65,7408691.05,197992.97,166567.49,31425.48,"19,666"
Sibley,1,4,1014711.69,939151.66,23834.82,20056.79,3778.03,300
Sidney,1,5,2626149.41,2427535.26,62378.78,52448.05,9930.73,"1,368"
Forest City,1,5,947363.8,871450.6,24131.76,20336.04,3795.72,325
Elburn,5,24,10400802.94,9583015.0,257760.66,216869.47,40891.19,"5,823"
Richton Park,7,30,13317182.75,12240407.75,337737.76,283896.04,53841.72,"13,629"
North Riverside,17,85,78925215.1,72392638.23,2060097.98,1733462.53,326635.45,"6,813"
Willow Springs,13,60,23990952.08,22144929.51,582762.44,490459.72,92302.72,"5,696"
Bunker Hill,4,20,7232090.02,6659939.77,179075.36,150467.62,28607.74,"1,684"
Crescent City,2,8,1247205.1,1139306.75,34021.04,28626.08,5394.96,634
Melvin,1,5,625166.2,571965.09,17358.02,14697.93,2660.09,516
Crainville,1,5,3276223.1,3000740.46,87374.42,73600.25,13774.17,"1,499"
Robinson,10,47,19259422.79,17605709.54,521161.9,438474.24,82687.66,"7,614"
Kingston Mines,1,3,1038459.37,959342.52,24808.84,20853.01,3955.83,307
Creve Coeur,12,56,26283829.81,24103491.63,688686.69,579665.78,109020.91,"5,493"
Westchester,5,25,35006734.11,32060554.05,927371.89,780062.88,147309.01,"16,573"
Harristown,2,10,8470958.76,7816829.7,205310.99,172604.52,32706.47,"1,143"
Roseville,3,13,1638404.37,1499680.52,43883.93,36947.7,6936.23,923
Hanover Park,9,46,45121394.76,41388801.1,1173870.17,987206.7,186663.47,"38,275"
McCullom Lake,3,16,6154083.91,5614813.21,170083.87,143120.15,26963.72,"1,148"
Menominee,2,6,394445.21,355468.1,12547.97,10599.13,1948.84,235
Buda,1,2,959371.27,884633.99,22915.23,19178.35,3736.88,641
Lanark,3,12,1931249.27,1779189.84,47997.58,40394.55,7603.03,"1,562"
Iroquois,3,8,1582844.68,1455049.95,40428.12,34038.33,6389.79,177
Farmington,7,31,7683594.54,7052952.66,199402.38,167868.54,31533.84,"2,454"
Oblong,2,8,3075078.67,2836268.64,75401.56,63461.04,11940.52,"1,313"
Hazel Crest,1,5,1859049.1,1723792.42,42487.3,35724.44,6762.86,"13,729"
Norridge,10,48,62034603.58,57108144.38,1551248.46,1304923.71,246324.75,"14,888"
Steeleville,5,25,14289717.33,13279699.82,318911.39,268404.81,50506.58,"2,284"
Peoria,67,276,159410124.33,146587592.33,4035750.91,3394599.23,641151.68,"114,512"
Bay View Gardens,1,5,1188316.68,1089993.04,30944.16,26027.38,4916.78,408
Hudson,3,9,681103.84,629372.59,15519.53,12932.96,2586.57,"2,073"
Alton,34,146,87530511.33,80438738.66,2232750.83,1878157.79,354593.04,"26,884"
Pekin,39,184,104608428.77,96177429.78,2647617.14,2226056.91,421560.23,"33,371"
Marseilles,10,46,20828585.29,19196629.54,513381.14,431772.05,81609.09,"5,088"
Elizabeth,3,10,2734597.21,2509077.1,70724.61,59448.51,11276.1,819
Waverly,5,25,8153056.85,7478346.67,212359.81,178620.08,33739.73,"1,286"
Freeburg,5,25,15308225.64,14106738.33,380812.83,320738.36,60074.47,"4,254"
Trenton,2,10,5278178.86,4876712.59,126125.63,106052.12,20073.51,"2,637"
Grayville,6,30,20758857.81,19043578.79,539872.13,454105.71,85766.42,"1,728"
Albany,2,7,2030709.6,1855397.39,55473.53,46707.84,8765.69,979
Shipman,2,8,1311883.54,1198545.02,35445.12,29778.16,5666.96,624
Lebanon,8,35,17459355.41,16037430.36,449697.56,378599.68,71097.88,"4,256"
Tremont,4,20,4806242.7,4432865.33,117845.5,99176.55,18668.95,"2,099"
Silvis,10,47,25850174.89,23607081.76,706053.94,593898.65,112155.29,"7,553"
Calumet Park,13,57,51515071.57,47199490.92,1361847.33,1146063.03,215784.3,"8,442"
Melrose Park,29,133,95896445.82,87470580.1,2656598.34,2235300.5,421297.84,"25,311"
Orland Hills,4,20,27886123.4,25667605.1,695819.15,584885.64,110933.51,"7,181"
Johnsburg,12,59,30739015.53,28063588.55,843029.79,709252.44,133777.35,"6,333"
Carlinville,12,54,24729210.3,22696539.41,641930.58,540295.94,101634.64,"5,610"
Royal,1,3,498282.19,452420.95,14607.75,12314.68,2293.07,"8,057"
Dowell,1,5,3473061.96,3226659.03,77537.19,65216.89,12320.3,473
Meredosia,3,15,5354584.58,4921032.13,136608.85,114931.05,21677.8,829
Braceville,1,5,1809579.55,1658326.0,47506.78,39944.08,7562.7,779
Godfrey,11,51,25141149.34,23166183.85,622419.51,523667.04,98752.47,"17,685"
Watseka,12,56,22971959.51,21023349.33,615551.26,518119.9,97431.36,"5,202"
Heyworth,4,19,9077134.69,8355162.36,228271.81,192173.12,36098.69,"3,164"
Monmouth,13,55,18188117.34,16611489.59,494740.43,415903.53,78836.9,"9,189"
Hardin,2,6,1785916.83,1645263.68,43924.7,36891.91,7032.79,759
Woodstock,21,96,59639828.4,54621326.93,1589536.73,1338606.1,250930.63,"25,198"
Montrose,1,5,3619614.52,3328013.95,91578.76,76998.64,14580.12,244
Colp,1,5,689312.0,621135.77,22463.32,19054.51,3408.81,318
Tilden,1,5,2713401.8,2492936.62,69333.53,58310.28,11023.25,885
Lynwood,14,70,56358020.34,51921574.84,1399460.02,1177629.27,221830.75,"9,316"
Delavan,3,11,2294915.68,2101630.91,61135.21,51470.83,9664.38,"1,668"
Davis,2,8,2191841.49,2022260.5,53321.95,44842.85,8479.1,"22,126"
Clay City,2,8,4291227.19,3943760.32,109415.82,92042.44,17373.38,849
New Canton,3,7,0.0,0.0,0.0,0.0,0.0,363
Aurora,32,153,115968729.9,106356172.64,3029233.08,2548587.64,480645.44,"200,660"
West City,4,20,20801205.55,19142029.98,521421.73,438454.29,82967.44,772
Somonauk,3,15,7828216.83,7179876.13,204904.37,172481.23,32423.14,"2,152"
Crestwood,37,185,121922032.94,111940783.28,3147139.96,2648063.1,499076.86,"10,901"
Bluffs,1,5,3427123.16,3142960.31,89281.25,75073.0,14208.25,759
Rockton,8,35,14446231.49,13208036.39,391035.47,329118.25,61917.22,"7,692"
Princeton,18,79,34910819.84,32073778.61,893203.48,751342.91,141860.57,"7,662"
Thornton,2,10,7141911.83,6532179.68,192192.89,161706.19,30486.7,"2,478"
North Utica,7,32,17269489.54,15923944.72,424338.13,357057.33,67280.8,"1,373"
Warren,4,19,5097618.67,4684422.41,130879.5,110218.58,20660.92,"1,198"
Bartlett,17,79,58140549.33,53328853.54,1515497.65,1274907.12,240590.53,"41,316"
Winnebago,2,10,834771.04,767965.97,22045.65,18705.41,3340.24,"3,425"
Sauk Village,8,40,11982770.47,10983937.39,319346.88,269401.5,49945.38,"10,516"
Wood River,15,64,37433022.81,34347781.21,970841.25,816576.62,154264.63,"10,234"
Greenview,2,9,3033074.28,2760674.02,85925.55,72305.47,13620.08,906
Rock Falls,23,111,59758294.07,54701107.09,1593170.57,1340307.42,252863.15,"8,911"
Franklin Park,12,56,24574789.01,22480865.5,657545.8,552849.27,104696.53,"18,138"
Grantfork,2,4,88674.87,81541.79,2353.33,1996.69,356.64,343
Mason City,5,23,7377945.54,6784712.83,186762.37,157097.31,29665.06,"2,364"
Kane,1,4,1269014.32,1167576.9,31887.52,26814.33,5073.19,285
Millstadt,8,33,15446015.51,14278866.24,367448.7,309089.46,58359.24,"3,915"
Princeville,2,9,3300736.1,3037360.96,82884.85,69714.54,13170.31,"2,073"
Cedar Point,2,8,3099446.56,2842716.8,81646.13,68809.64,12836.49,296
Blue Island,32,152,84388413.8,77295845.71,2233912.27,1879274.74,354637.53,"22,636"
Atwood,2,10,3235380.04,2981743.14,79628.54,66946.66,12681.88,"1,004"
Clinton,13,65,39932939.63,36778968.3,993844.45,836141.73,157702.72,"7,126"
Henry,6,29,8351050.49,7684179.87,209159.95,175814.68,33345.27,792
Jacksonville,33,151,73154658.58,66972822.26,1943093.45,1633993.26,309100.19,"18,914"
Rockford,103,492,418171941.39,383279168.33,10972516.43,9227812.49,1744703.94,"147,881"
Coal Valley,6,26,5061206.71,4598732.82,146226.63,123102.72,23123.91,"3,635"
Stillman Valley,5,24,11145882.66,10285753.12,270734.3,227727.65,43006.65,"1,091"
Mazon,1,5,2277501.03,2124442.24,48160.91,40507.9,7653.01,"1,002"
Rantoul,18,87,45484890.41,41696603.21,1192076.5,1002654.26,189422.24,"13,222"
Pana,14,67,33654559.62,30981111.77,841587.38,707909.94,133677.44,"5,478"
Neoga,3,13,6256080.59,5753836.12,157984.64,132872.28,25112.36,"1,817"
Wapella,2,10,4482778.66,4129535.33,111013.13,93349.8,17663.33,600
Wyoming,4,14,5175796.61,4750570.47,134733.65,113472.25,21261.4,"1,365"
Ashmore,4,20,6825153.24,6311975.91,161621.0,135956.05,25664.95,814
Hanna City,3,13,4858248.67,4482040.35,118642.91,99828.21,18814.7,"1,268"
Colfax,2,7,1646226.79,1498547.27,46521.88,39137.88,7384.0,"1,135"
Donnellson,1,4,3269024.82,3020964.09,78060.66,65657.59,12403.07,172
Toledo,2,10,3417870.51,3129671.6,90919.37,76509.3,14410.07,"1,322"
Roscoe,20,97,87849391.44,80447175.81,2332668.37,1962538.29,370130.08,"10,575"
Assumption,4,20,4784224.73,4403629.71,119973.47,100943.54,19029.93,"1,142"
Morton Grove,9,45,76477356.08,70337092.7,1932586.64,1625555.1,307031.54,"23,256"
Carlyle,12,53,16546909.82,15155352.44,440064.04,370463.64,69600.4,"3,285"
Fisher,2,8,4300959.28,3954073.98,108983.47,91639.13,17344.34,"1,952"
Towanda,1,5,2422441.83,2256711.05,52226.14,43939.56,8286.58,491
Pinckneyville,7,33,15130117.52,13954400.92,371348.13,312559.79,58788.34,"5,463"
Cornell,1,5,52792.05,47155.97,1859.95,1578.14,281.81,444
Posen,10,50,28982117.38,26536091.38,772047.36,649745.61,122301.75,"6,211"
South Pekin,2,8,1321605.26,1206257.23,37619.9,31852.49,5767.41,"1,018"
Salem,19,93,46576364.55,43051969.02,1108634.51,932410.24,176224.27,"7,100"
Waterman,2,9,1631368.12,1479979.34,47460.77,39891.27,7569.5,"1,567"
Cambridge,3,11,2709079.32,2491491.32,68458.66,57577.75,10880.91,"2,238"
Onarga,1,4,2110344.8,1948184.91,51267.36,43159.05,8108.31,"1,079"
Shannon,1,4,1325480.13,1221870.74,32870.45,27689.9,5180.55,761
Dieterich,2,7,2739919.79,2538163.13,63808.03,53720.17,10087.86,629
Oquawka,5,24,5858348.03,5381971.98,150268.14,126442.91,23825.23,"1,558"
South Roxana,4,18,5862814.77,5392697.51,147721.73,124215.02,23506.71,"2,172"
Hamilton,4,15,13190989.43,12157495.59,325945.88,274271.12,51674.76,"2,875"
Chicago Heights,18,87,59970686.58,54976147.49,1575620.84,1325885.13,249735.71,"30,087"
Rock Island,21,90,43024042.88,39150646.38,1218976.48,1025304.88,193671.6,"38,354"
Waterloo,15,66,34515666.73,31688526.06,891550.14,750184.18,141365.96,"10,268"
Centralia,20,98,62565837.99,57800245.12,1500796.29,1262514.75,238281.54,"12,538"
Justice,22,108,71434230.8,65701389.35,1807681.16,1521034.07,286647.09,"12,919"
Perry,1,5,37101.19,32731.27,1442.13,1223.62,218.51,297
Aledo,6,24,7108013.85,6508086.52,188995.02,158997.96,29997.06,"3,520"
Batchtown,1,5,1222968.35,1121511.55,32109.95,27037.07,5072.88,199
Hamel,3,12,9952164.02,9059352.12,282171.1,237526.72,44644.38,866
Carrollton,8,37,9742631.38,8993231.12,236261.3,198791.02,37470.28,"2,461"
Urbana,22,106,89008170.74,81856173.54,2250889.55,1893286.06,357603.49,"42,375"
Lakemoor,5,25,18876787.32,17238106.66,515590.1,433653.26,81936.84,"6,171"
Sterling,22,104,55045887.8,50255916.94,1509277.83,1269761.7,239516.13,"14,810"
North Chicago,17,83,60234832.64,55192267.19,1591842.18,1339715.43,252126.75,"30,011"
Du Quoin,13,65,29662257.58,27288096.26,748144.75,629435.81,118708.94,"5,818"
Berkeley,6,30,25191231.86,23038456.51,676952.62,569310.9,107641.72,"5,171"
Brookport,1,5,2183811.53,1989451.67,61344.12,51625.84,9718.28,882
Brimfield,3,15,4946728.97,4525946.08,133427.52,112385.71,21041.81,965
East Hazel Crest,2,10,13417689.14,12372188.06,329849.7,277574.57,52275.13,"1,694"
Big Rock,1,4,1575344.22,1434913.15,44195.3,37173.69,7021.61,"1,318"
Dupo,8,37,18451499.29,17011005.03,454956.13,382926.11,72030.02,"3,893"
Yates City,2,9,2312753.96,2112213.03,62885.85,52858.72,10027.13,739
Rockdale,7,28,10289362.1,9376591.71,286891.72,241253.01,45638.71,"1,932"
Kangley,1,3,1459523.15,1357747.47,32074.33,26985.49,5088.84,220
Piper City,3,15,3013942.98,2798237.16,68044.51,57259.21,10785.3,862
Itasca,6,29,19451927.8,17867885.84,499448.87,420246.56,79202.31,"9,042"
Ogden,6,27,9699041.34,8909126.58,248337.48,208840.42,39497.06,760
McClure,1,5,1253965.9,1150577.39,32197.02,27027.54,5169.48,348
Winthrop Harbor,10,47,38428848.4,35236863.56,1005684.51,846083.84,159600.67,"6,767"
Momence,8,34,13640448.93,12527197.85,350515.32,294843.26,55672.06,"3,146"
East Moline,31,154,49709351.19,45207999.5,1419665.78,1194584.02,225081.76,"21,373"
East Dundee,15,72,47254841.5,43188874.64,1283179.08,1079876.1,203302.98,"3,183"
Stewardson,1,5,1510391.66,1400828.89,34738.84,29260.69,5478.15,723
Girard,4,18,6563902.19,5969360.79,187019.73,157292.6,29727.13,"1,862"
Jonesboro,2,10,1847103.01,1680767.08,53265.14,44944.92,8320.22,"1,935"
Sheffield,2,5,1202528.05,1100216.78,32058.69,26940.46,5118.23,826
Lockport,18,85,58668479.27,53947120.46,1488792.27,1252719.86,236072.41,"25,226"
Athens,4,20,8012935.38,7338587.38,212153.72,178434.9,33718.82,"2,105"
Alpha,1,4,124336.31,111367.58,4279.78,3631.33,648.45,555
Markham,14,70,51776605.8,47432392.79,1370670.01,1153449.89,217220.12,"12,600"
Chicago Ridge,25,120,70790118.2,64905214.51,1858193.68,1563945.34,294248.34,"14,254"
Homer Glen,12,55,47966809.91,44276793.94,1162562.58,978055.56,184507.02,"24,467"
Ashland,2,9,2696563.32,2475839.43,69714.78,58678.51,11036.27,"1,367"
Alhambra,2,7,1539472.09,1403153.18,42594.55,35778.57,6815.98,628
Countryside,21,94,75919309.02,69928465.84,1885326.75,1585750.41,299576.34,"5,997"
Beaverville,2,5,1636149.92,1554443.97,27201.12,23115.76,4085.36,340
Clifton,4,17,4861233.85,4475357.58,121448.34,102154.5,19293.84,"1,373"
Potomac,1,5,2077566.12,1910692.97,53240.37,44896.67,8343.7,807
St. Charles,17,79,39574152.03,36373153.38,1008932.38,848871.33,160061.05,"32,772"
Orient,2,9,3227191.69,2947300.46,86931.81,72937.24,13994.57,415
Hampshire,9,44,27181428.67,24965127.58,698034.32,587218.35,110815.97,"5,852"
Mount Carroll,5,20,3858558.58,3530615.07,103167.27,86769.97,16397.3,"1,587"
Lombard,1,5,339112.76,312260.05,8861.41,7518.77,1342.64,"43,904"
Ottawa,43,201,112565526.8,103656570.74,2807590.36,2362135.24,445455.12,"18,701"
Kinmundy,1,4,664246.5,617775.82,14771.78,12448.04,2323.74,904
Nelson,1,5,2062541.62,1883275.41,56757.12,47793.8,8963.32,137
Lyons,20,100,79482027.74,72727815.2,2125019.69,1787302.48,337717.21,"10,566"
Sherman,5,19,13698695.47,12709220.51,311951.5,262476.55,49474.95,"4,440"
Banner,2,8,3042513.3,2806579.07,74542.32,62745.56,11796.76,223
Peoria Heights,11,49,34722642.76,31942660.46,874276.74,735276.17,139000.57,"5,910"
Witt,2,6,731877.79,669746.62,19550.94,16444.37,3106.57,896
Sesser,6,26,8212516.42,7555898.52,206333.21,173498.67,32834.54,"1,737"
Lenzburg,2,8,5478676.97,5053083.32,133307.58,112027.84,21279.74,491
Havana,12,49,19277888.01,17606591.28,527916.9,444353.8,83563.1,"3,232"
Plymouth,1,5,1895781.8,1743825.06,47893.61,40295.75,7597.86,442
Diamond,5,23,21603735.71,19918607.02,531670.01,447410.13,84259.88,"2,707"
Stickney,6,30,17539730.74,16021512.86,481275.16,405359.74,75915.42,"6,732"
Lincoln,20,101,78652628.72,72145374.98,2048196.07,1722828.44,325367.63,"13,738"
Country Club Hills,7,32,13201886.51,12084224.48,351822.86,295939.24,55883.62,"16,801"
Mount Zion,4,19,9011713.97,8268386.81,233824.4,196657.88,37166.52,"5,973"
East Galesburg,2,7,1607239.86,1478938.3,40318.14,33903.02,6415.12,624
Hecker,1,5,1613469.9,1475688.69,43300.87,36411.79,6889.08,537
Junction,1,5,52347.93,46921.78,1790.65,1519.34,271.31,390
Lyndon,3,15,4156858.75,3783387.51,117743.71,99070.09,18673.62,638
Patoka,2,10,4954899.9,4573371.37,121126.75,102050.17,19076.58,623
Griggsville,3,11,3318574.45,3045803.41,86021.66,72383.0,13638.66,"1,465"
Colona,7,32,9150549.87,8305139.43,267197.82,224927.05,42270.77,"4,954"
Hoyleton,1,5,2596345.17,2411580.39,57840.67,48602.31,9238.36,598
Manhattan,7,36,22188036.57,20571990.74,511015.04,430212.38,80802.66,"7,813"
Hampton,3,15,5433567.43,5006244.49,135071.32,113705.15,21366.17,"2,002"
Joy,2,6,1068506.35,975834.79,29244.44,24610.81,4633.63,390
Annawan,4,20,10665018.04,9807133.62,270243.37,227338.9,42904.47,895
Bellevue,4,20,8742954.1,8024973.22,226828.46,190929.3,35899.16,"1,847"
North Aurora,7,33,25674740.54,23588383.82,655337.49,551001.79,104335.7,"17,653"
Percy,2,10,2880048.02,2657085.16,70521.89,59370.66,11151.23,945
Victoria,1,5,1633154.7,1504617.54,40425.93,33997.24,6428.69,289
Marshall,7,36,36923328.08,33818496.68,978451.41,823209.44,155241.97,"3,401"
Hurst,3,14,1745574.88,1600031.81,45847.23,38570.01,7277.22,846
Charleston,22,96,44439702.19,41033691.72,1075348.17,905038.76,170309.41,"20,632"
Matteson,13,61,37774810.61,34580541.95,1002724.16,843008.74,159715.42,"19,336"
Buffalo,1,3,703907.86,643275.83,19222.99,16191.36,3031.63,560
New Douglas,1,4,1308865.48,1205820.15,32395.74,27243.43,5152.31,344
Port Byron,3,15,5131291.41,4726933.01,127531.12,107313.16,20217.96,"1,802"
Erie,2,10,4411331.08,4039524.92,117210.63,98615.16,18595.47,"1,438"
Bryant,1,4,1371142.4,1263272.36,33387.82,27994.28,5393.54,230
University Park,4,18,13022695.4,11981502.04,327947.75,275886.76,52060.99,"7,115"
Irving,1,4,677596.6,624919.12,16258.52,13673.53,2584.99,326
Huntley,14,67,43792937.29,40238307.48,1117857.55,940118.66,177738.89,"26,486"
Granite City,23,106,57283502.59,52756588.93,1421547.11,1195194.51,226352.6,"29,001"
Morrisonville,3,16,3214127.02,2953249.08,82714.97,69670.96,13044.01,"1,167"
Byron,9,41,17594318.73,16148170.72,455324.22,383017.15,72307.07,"3,608"
Vandalia,18,87,47054044.87,43294610.09,1181690.16,993717.54,187972.62,"6,914"
Savoy,6,27,23044879.82,21238415.76,570264.6,479940.91,90323.69,"8,654"
Channahon,8,39,27007505.26,24656420.82,741289.35,623734.49,117554.86,"12,718"
Oak Grove,1,5,5585633.51,5076996.84,160033.36,134600.53,25432.83,589
Roselle,12,60,54734430.34,50298863.08,1396668.78,1174886.06,221782.72,"22,873"
Pontiac,21,103,56097956.35,51658595.93,1399785.96,1177796.69,221989.27,"11,804"
Essex,3,11,3010823.83,2785823.76,70741.26,59491.2,11250.06,899
Worden,3,12,1993261.65,1829201.23,51182.29,42979.18,8203.11,"1,106"
Cisne,2,10,2823307.3,2593553.86,71840.85,60353.05,11487.8,598
East Dubuque,14,68,34940352.94,32010447.32,923577.38,777078.59,146498.79,"1,557"
Oakbrook Terrace,14,70,76298257.61,70232063.89,1917598.15,1614232.97,303365.18,"2,912"
Orland Park,19,92,38523314.1,35417696.81,984229.69,828947.38,155282.31,"59,100"
Little York,1,3,721970.11,660819.13,19076.24,16018.66,3057.58,305
Milford,3,14,2267038.29,2061888.23,64619.53,54361.91,10257.62,"5,084"
Washington Park,4,19,8468792.72,7790445.4,213518.57,179596.34,33922.23,"3,962"
Gillespie,6,25,6569338.64,6020865.99,173116.45,145692.59,27423.86,"3,045"
Rolling Meadows,7,36,16424591.5,15006276.58,454124.6,383197.95,70926.65,"23,229"
Hutsonville,1,5,3231898.39,2947833.13,89910.54,75707.26,14203.28,503
Thayer,3,13,3013472.39,2737511.31,86863.88,73065.66,13798.22,713
Hillsboro,9,38,13675648.83,12616517.87,333024.81,280068.03,52956.78,"6,840"
Ridgway,2,10,4577384.62,4263392.55,98465.63,82766.05,15699.58,877
Metamora,3,14,4837026.95,4475869.38,114750.26,96692.29,18057.97,"3,835"
Streamwood,17,84,57198063.48,52372397.92,1526824.19,1285539.34,241284.85,"40,413"
Coalton,1,4,1911289.71,1765116.16,46045.58,38736.88,7308.7,334
Leland,1,5,1307271.15,1196941.43,34869.84,29353.32,5516.52,859
Norris City,4,17,5256271.64,4820809.28,137525.05,115751.89,21773.16,"1,216"
Venice,3,14,2383867.55,2199487.58,58399.63,49179.54,9220.09,"2,128"
Streator,32,153,71750711.68,65978091.3,1817037.74,1528393.45,288644.29,"12,791"
St. Joseph,1,4,3072769.37,2824611.2,77634.81,65226.62,12408.19,"4,424"
Casey,5,22,11176886.47,10301526.22,276944.87,233176.85,43768.02,"2,518"
Prospect Heights,13,62,71741509.13,65838094.47,1854970.66,1559793.93,295176.73,"16,250"
Lexington,4,18,3572725.84,3255487.31,99946.58,84084.51,15862.07,"1,890"
Sleepy Hollow,2,10,4388608.64,4009995.34,119573.32,100642.63,18930.69,"3,319"
Edgewood,4,16,4268774.31,3939590.86,103135.75,86676.45,16459.3,536
Elwood,1,4,1645372.59,1517941.5,40225.45,33853.57,6371.88,"2,396"
Barry,6,23,9092458.74,8317224.01,244123.5,205372.91,38750.59,"1,552"
DeKalb,21,100,62239626.17,57018748.42,1648032.29,1386983.89,261048.4,"42,839"
Mount Auburn,2,10,2029749.22,1861500.89,53255.8,44843.34,8412.46,562
Wyanet,2,9,2351524.79,2163341.2,59284.09,49874.86,9409.23,"1,024"
Granville,5,18,4747515.73,4381852.29,115466.41,97183.17,18283.24,"1,232"
Liberty,1,5,278380.43,253622.71,7843.07,6605.17,1237.9,412
Rushville,6,24,8953756.65,8241133.35,224979.01,189348.81,35630.2,"2,841"
Mokena,19,93,86849593.2,79983870.57,2168153.87,1824768.33,343385.54,"20,720"
Stone Park,12,57,32345325.18,29437627.85,915971.5,770586.06,145385.44,"4,923"
Ford Heights,3,15,12766503.31,11701075.86,335401.89,282126.93,53274.96,"2,755"
Bensenville,10,47,29831414.74,27333905.3,787658.68,662782.76,124875.92,"18,400"
Bellwood,2,8,3441093.81,3138461.19,94845.84,79714.17,15131.67,"19,112"
Golden,1,5,1088611.31,999429.74,28207.74,23748.66,4459.08,646
Flora,7,34,22728235.09,21045403.48,529312.35,445166.63,84145.72,"4,842"
Mount Vernon,30,142,111228037.57,102262556.97,2822300.93,2374013.24,448287.69,"14,804"
Dixon,27,123,78846456.79,72348529.12,2047932.63,1723028.25,324904.38,"15,496"
Cicero,49,229,204273817.95,186772532.62,5517891.34,4642808.83,875082.51,"83,147"
Wataga,1,5,3461386.84,3162101.76,94610.29,79644.53,14965.76,773
Lewistown,6,28,6588456.41,6048047.78,170836.73,143815.93,27020.8,"2,349"
Bridgeview,30,148,102786873.18,94155007.74,2716029.72,2284426.69,431603.03,"16,440"
Cobden,1,4,1729230.45,1591282.79,43149.52,36252.14,6897.38,"1,161"
Augusta,3,10,2906350.78,2660460.45,77577.38,65282.78,12294.6,465
Springfield,140,652,420116527.4,385534589.07,10883866.82,9154673.68,1729193.14,"116,459"
Dawson,2,6,2074522.8,1937706.73,43010.41,36169.52,6840.89,667
Tinley Park,35,166,124022676.8,114041163.94,3141063.76,2641983.39,499080.37,"56,898"
Wamac,6,30,16181956.35,14885080.87,407741.29,342895.84,64845.45,"1,178"
Bartonville,18,84,38996380.16,35923439.68,968336.3,814688.66,153647.64,"6,316"
Shelbyville,8,37,19958944.09,18258863.13,536599.9,451595.36,85004.54,"4,527"
Carrier Mills,3,16,4951991.94,4608713.9,108044.19,90880.19,17164.0,"1,938"
Villa Park,19,92,98132620.78,89903728.03,2592489.82,2181041.83,411447.99,"21,893"
Olympia Fields,3,13,10280288.71,9431707.21,266900.55,224471.32,42429.23,"5,055"
Cissna Park,1,3,613543.18,573009.59,12856.64,10829.87,2026.77,778
Illiopolis,3,15,4264779.24,3929965.1,105614.54,88873.7,16740.84,890
Macon,3,15,7942747.6,7282682.77,207866.56,174865.85,33000.71,"1,152"
Carmi,11,49,20692542.14,19061230.91,513690.55,432124.77,81565.78,"4,913"
Amboy,6,28,12728296.65,11678926.15,331922.3,279451.39,52470.91,"2,455"
Matherville,1,3,905180.22,838512.55,21170.83,17837.46,3333.37,923
Albion,4,17,2857930.4,2614409.06,76784.27,64608.15,12176.12,"2,034"
Baldwin,2,6,744476.66,674482.16,21808.36,18308.58,3499.78,308
Nashville,12,58,28940132.94,26699463.87,704018.37,591980.36,112038.01,"3,093"
Riverton,5,25,13731169.71,12671277.23,333950.58,280955.56,52995.02,"3,443"
Genoa,7,34,11718687.86,10693723.35,324722.07,273472.19,51249.88,"4,878"
Metropolis,13,59,43182512.42,39570702.53,1137605.56,957017.61,180587.95,"6,184"
Mount Pulaski,3,15,5497717.53,5068223.29,135108.94,113634.12,21474.82,"1,582"
Greenfield,2,10,1110098.68,1023049.8,27905.19,23552.73,4352.46,"1,323"
South Chicago Heights,8,39,22160854.77,20251045.54,602026.62,506535.77,95490.85,"4,105"
Edinburg,4,20,5315339.3,4900203.49,130585.73,109827.04,20758.69,"1,186"
Deer Creek,2,9,3141503.73,2903070.95,74957.04,63035.34,11921.7,659
Harwood Heights,5,25,6117573.37,5575469.82,174151.08,147045.81,27105.27,"8,552"
Avon,2,9,2883253.17,2642216.8,75552.7,63500.82,12051.88,767
Cherry,1,5,780693.09,719820.56,19355.19,16311.58,3043.61,"2,037"
Hammond,1,4,1513234.37,1401169.22,35312.97,29709.68,5603.29,485
Fairview Heights,13,62,39983387.3,36660876.92,1047657.03,881514.26,166142.77,"16,360"
German Valley,1,5,1262034.39,1169758.61,29107.38,24493.6,4613.78,564
Toluca,5,23,4259054.94,3968740.3,91456.94,76941.1,14515.84,"1,344"
Carpentersville,29,137,83833992.61,76882683.67,2191311.86,1843717.59,347594.27,"38,138"
Union,4,16,3178920.89,2902817.41,87726.32,73921.09,13805.23,509
Monticello,10,46,25292964.3,23144403.0,679890.0,572461.19,107428.81,"5,809"
Mundelein,16,75,42681851.5,38926567.31,1181611.5,993843.93,187767.57,"31,683"
Cedarville,2,10,417398.49,386361.12,10242.41,8690.53,1551.88,648
Blue Mound,2,10,3720235.27,3399758.95,100812.68,84788.81,16023.87,"1,142"
Bement,4,18,5706562.85,5255748.27,142158.13,119614.28,22543.85,"1,502"
Yorkville,17,82,34644816.4,31807129.97,891425.19,749532.91,141892.28,"19,145"
Pittsburg,1,5,2498649.4,2270887.62,71557.15,60169.02,11388.13,571
Stronghurst,2,6,228142.46,210953.05,5672.47,4813.0,859.47,932
Fulton,7,35,21979623.32,20206731.77,560514.42,471868.89,88645.53,"3,302"
Sparta,7,30,16505301.82,15209563.34,407643.77,342854.92,64788.85,"4,384"
Steward,1,2,1098038.09,1011146.96,27181.75,22837.17,4344.58,"14,810"
Strasburg,2,8,2281814.17,2089811.88,60380.0,50779.88,9600.12,473
Industry,1,3,2106.6,1492.0,184.37,153.64,30.73,392
Staunton,10,48,18294638.76,16777110.51,479315.23,403438.63,75876.6,"5,036"
Cairo,4,18,9615064.52,8775778.66,264982.32,223017.56,41964.76,"2,528"
Kirkland,4,19,4921454.57,4513115.95,129694.99,109277.9,20417.09,"1,816"
Kingston,2,10,3756499.0,3441424.42,99177.68,83423.81,15753.87,"1,270"
Elmwood,3,12,4484066.52,4121359.87,114239.08,96103.74,18135.34,"2,292"
Rosiclare,1,5,1243200.07,1139003.49,32752.93,27543.06,5209.87,836
Loami,1,3,486249.16,440562.46,14396.32,12111.99,2284.33,"1,037"
Sugar Grove,4,19,14400167.49,13267887.86,356992.25,300376.59,56615.66,"9,545"
Bowen,3,10,578609.09,524668.26,17377.12,14683.57,2693.55,444
Ursa,2,6,1208200.07,1107160.81,31669.09,26617.1,5051.99,579
Ladd,5,18,5288620.73,4848176.49,138597.1,116574.5,22022.6,"1,185"
Oakland,1,5,0.0,0.0,0.0,0.0,0.0,"1,053"
Tiskilwa,2,8,1952490.27,1813923.75,43504.46,36576.13,6928.33,858
Taylor Springs,2,8,1791248.2,1647745.11,45196.27,38020.13,7176.14,647
Paxton,3,15,5786331.16,5314695.5,148165.74,124590.83,23574.91,"4,279"
Bartelso,5,17,2715569.89,2506523.24,66630.15,56177.7,10452.45,661
Belleville,35,161,77390309.95,71149066.59,1964587.02,1652520.2,312066.82,"41,926"
Anna,12,58,21169393.01,19489963.31,530218.0,446246.08,83971.92,"4,232"
Calumet City,22,101,67194828.86,61761627.65,1711557.31,1439896.23,271661.08,"36,856"
Oakford,1,4,1885406.11,1727133.6,49640.49,41726.84,7913.65,354
Johnston City,9,42,14335589.75,13150573.8,372729.48,313479.05,59250.43,"3,485"
Cullom,1,5,1052876.99,983001.25,22085.65,18591.82,3493.83,650
Limestone,1,5,1530500.25,1406797.38,38970.9,32785.71,6185.19,"1,576"
Paris,13,59,40055624.87,36746746.73,1041469.52,876024.08,165445.44,"8,424"
Mansfield,2,10,3021366.8,2779479.78,76371.89,64277.5,12094.39,942
Maple Park,4,17,6488914.08,5914778.61,180429.7,151722.75,28706.95,"1,482"
Alto Pass,1,4,275872.71,253234.08,7200.0,6068.01,1131.99,278
Summit,27,133,97413957.62,89340345.63,2542171.46,2138487.49,403683.97,"11,340"
Savanna,14,52,20455417.28,18726468.73,544542.98,458094.82,86448.16,"2,977"
O'Fallon,15,70,40621476.29,37416393.14,1008517.71,848227.53,160290.18,"29,277"
Spring Grove,8,39,16981982.96,15589753.24,437820.74,368207.56,69613.18,"5,792"
Oreana,1,5,2604672.7,2382720.7,70184.39,59086.78,11097.61,728
Murphysboro,10,51,26345258.48,24385951.28,616726.83,518761.1,97965.73,"7,951"
Zion,8,40,55554420.63,50732129.76,1519326.98,1278211.05,241115.93,"24,047"
Swansea,13,64,46228734.44,42525758.42,1167873.57,982707.78,185165.79,"13,863"
Antioch,16,77,67152629.1,61622082.68,1745253.57,1468725.45,276528.12,"14,305"
Thomson,1,5,710154.92,647117.5,19678.52,16525.38,3153.14,479
Virgil,1,3,927125.56,845555.61,25823.65,21745.15,4078.5,400
Roodhouse,4,18,7091984.17,6504221.61,184474.55,155086.32,29388.23,"1,792"
Grafton,7,23,3234350.26,2955752.53,88606.22,74676.17,13930.05,757
East Peoria,26,111,52001103.85,47625215.85,1377742.74,1158937.72,218805.02,"22,876"
Hillcrest,1,5,8276176.37,7653443.96,195544.11,164402.41,31141.7,"1,265"
Cuba,3,14,3864705.96,3571459.67,91808.82,77145.44,14663.38,"1,285"
Germantown,5,25,8102693.72,7477390.69,197199.12,165933.7,31265.42,"1,180"
Minier,3,13,3562932.38,3269056.04,92357.41,77663.41,14694.0,"1,200"
