pop,state,county
4198,35,23
672391,34,17
124371,34,19
491845,34,27
71367,35,31
146748,35,43
26998,35,17
48954,35,9
58460,35,15
4521,35,33
123958,35,45
8259,28,9
7713,28,37
22124,28,27
16383,28,61
68098,28,67
14286,28,147
35252,28,95
32174,28,115
17010,28,51
12297,28,5
106272,28,89
14361,28,13
24573,28,91
19383,28,141
20183,28,153
13586,28,41
35294,28,93
6792,28,119
55535,28,109
22786,28,79
29118,28,99
155271,28,121
43909,28,151
12586,28,77
11973,28,111
17103,28,17
9947,28,15
24500,28,39
20758,28,43
6990,28,63
21018,28,101
25126,28,117
4321,28,125
8210,28,19
47632,28,45
23390,28,57
1327,28,55
143617,28,59
28183,28,83
9632,28,143
8988,28,21
208080,28,47
74125,28,75
34153,28,85
26658,28,127
17955,28,159
18174,28,7
31365,39,65
45656,39,11
51113,39,37
40525,39,123
32413,39,79
58266,39,77
65327,39,9
27698,39,1
179746,39,103
428348,39,95
14424,39,121
55178,39,147
370606,39,151
36600,39,31
209177,39,41
93649,39,55
28264,39,73
230149,39,85
76666,39,141
1235072,39,35
43960,39,75
106987,39,109
13654,39,111
197974,39,155
130817,39,173
53484,39,5
4891,40,43
3688,40,59
48011,40,83
651552,40,143
51527,40,147
2653,40,57
12627,40,61
38465,40,111
46963,40,113
6002,40,67
61056,40,47
27711,40,49
43654,40,121
19572,35,27
64615,35,5
71070,35,25
150358,35,49
4059,35,59
10791,35,51
16637,35,53
18500,35,41
218195,35,13
19369,35,28
38921,35,39
27277,35,47
76688,35,61
15461,35,57
679121,35,1
67490,35,35
26675,35,6
1748,35,11
4300,35,19
3527,35,3
1418207,36,5
129375,47,179
33328,47,183
16160,47,5
15064,47,7
39842,47,13
14678,47,15
8201,47,83
96387,47,119
51353,48,373
6948,48,391
56590,48,467
43664,48,55
12769,48,487
5771,48,317
3849,48,383
8713,48,501
33406,48,189
25274,48,419
12023,48,387
10264,48,399
3776,48,435
119200,48,451
92084,48,469
41556,48,481
132230,48,485
654,48,33
9854,48,315
58722,48,323
136212,48,181
12207,48,297
29189,48,363
15601,48,255
20160,48,123
13943,48,59
30026,48,67
123945,48,183
14284,48,313
310569,48,303
136154,48,257
47431,48,259
5712,48,153
7000,48,17
43837,48,71
362924,48,27
423163,48,61
18546,48,117
839238,48,141
7520,48,283
776,48,443
21672,48,457
5056,48,483
8553,48,9
9203,48,43
868707,48,215
232751,48,423
3464,48,105
5658,48,207
36664,48,227
4873,48,333
19818,48,337
19683,27,91
15916,28,129
63343,28,73
85436,28,81
13809,28,135
45381,28,149
15541,28,23
9775,28,97
49587,28,105
9689,28,155
36953,28,3
19316,28,25
18636,28,31
8064,28,53
278299,42,43
11137,37,5
82178,37,27
159551,37,35
97947,37,45
102139,37,49
51472,37,65
60443,37,77
135976,37,85
55234,37,93
117417,37,89
4937,37,95
181806,37,97
1110356,37,119
19483,37,131
180742,37,147
142088,37,159
44535,37,181
28612,37,39
27763,37,53
239859,37,179
68412,37,193
94298,37,127
37497,37,3
37009,37,55
19731,37,185
81801,37,195
11562,37,73
8441,37,75
21755,37,115
12726,37,137
20724,37,149
143667,37,151
45591,37,169
11580,37,187
11231,37,43
335509,37,51
537174,37,81
43938,37,99
39824,37,139
130625,37,155
14271,37,173
1111761,37,183
24446,37,7
460528,36,67
23194,48,365
10542,48,403
3022,48,421
7397,48,437
98594,48,231
13094,48,63
5399,48,195
166847,48,187
10471,48,77
5576,48,205
36649,48,217
23437,48,293
-9999,48,347
9605,48,369
142878,48,367
6704,48,377
49025,48,465
2171,48,109
166223,48,135
6229,48,169
1409,48,173
28880,48,185
1034730,48,85
86715,48,5
1398,48,101
230191,48,209
374264,48,39
3278,48,129
51153,48,13
14714,48,353
4886,48,229
11998,48,475
66553,48,203
2138,48,327
25346,48,149
590551,48,491
20938,48,233
12388,48,343
83396,48,361
8010,48,495
4713325,48,201
48155,48,53
-9999,48,171
2635516,48,113
743,48,311
18010,48,503
175817,48,251
37084,48,223
9836,48,357
3664,48,275
256623,48,309
2726,48,95
1932,48,137
18360,48,133
2274,48,243
5200,48,247
607391,48,339
10124,48,127
276652,48,479
1887,48,11
7530,48,69
8393,56,31
30485,56,33
11790,56,3
7584,56,11
29194,56,29
162436,9,7
150721,9,13
943332,9,1
25473,12,133
957755,12,31
28201,12,7
601942,12,9
219252,12,19
8422,12,67
367118,12,69
88625,12,89
974996,12,103
724777,12,105
328297,12,111
13811,12,43
42022,12,51
159923,12,61
46414,12,63
1496770,12,99
264672,12,109
2716940,12,86
174705,12,5
12125,12,37
13639,12,45
8354,12,77
132420,12,119
74071,12,131
19617,12,59
14246,12,65
365579,12,83
384902,12,21
42168,12,93
553947,12,101
18582,12,41
44417,12,121
269043,12,1
14105,12,13
71686,12,23
16826,12,29
74521,12,107
433742,12,115
403253,12,81
149657,12,17
29210,12,3
553284,12,127
293582,12,73
18493,12,79
74228,12,87
193920,12,53
1471968,12,57
21569,12,123
33610,13,187
21312,13,189
19276,13,211
11923,13,149
87956,13,95
234561,13,151
157863,13,153
40062,27,99
29579,27,115
158293,27,109
13682,27,159
40889,27,9
30281,27,47
35893,27,85
11249,27,121
9805,27,149
9266,27,151
11196,27,33
149013,27,139
21627,27,157
65055,27,35
6375,27,107
34274,27,103
38141,27,41
4298,27,69
28887,27,79
5527,27,87
56579,27,25
15170,27,127
9709,27,173
24664,27,153
47188,27,7
67653,27,13
18600,27,55
6623,27,73
3740,27,77
58746,27,111
18612,27,161
199070,27,137
356921,27,3
161075,27,145
429021,27,37
5639,27,81
25474,27,83
26277,27,95
14548,27,129
35871,27,17
5463,27,31
12088,29,123
20563,29,217
22092,29,147
7426,29,41
12873,29,223
38280,29,201
11754,29,11
14349,29,39
14706,29,73
15117,29,121
10529,29,149
17894,29,186
13185,29,67
21824,29,83
38355,29,109
52607,29,169
25398,29,215
44743,29,27
16832,47,139
27345,47,185
158348,47,163
4447,42,23
628270,42,17
369318,42,77
38438,42,31
36233,42,59
317417,42,79
64964,42,37
43425,42,65
46272,42,99
6066,42,113
164292,44,3
125577,44,9
38440,45,71
33745,45,27
106721,45,85
20866,45,11
66618,45,31
280979,45,91
57300,45,21
30073,45,53
16828,45,61
24527,45,1
45672,39,91
541013,39,153
48590,39,149
36692,39,171
83728,72,61
29454,72,53
24814,72,7
39218,72,65
21209,72,133
71530,72,97
48025,72,119
26161,72,11
23121,72,33
15383,72,55
24553,72,87
-9999,12,117
115081,12,35
14428,12,47
375751,12,97
45660,12,39
770577,12,71
26937,12,49
1393452,12,95
106221,12,55
38001,12,27
188910,12,15
20733,1,99
32924,1,79
164542,1,81
13202,5,61
99386,5,51
40651,5,93
64072,5,115
8062,5,117
38682,5,139
6320,5,147
24919,5,23
7956,5,25
16719,5,67
21532,5,57
17442,5,135
12506,5,137
239187,5,143
41932,5,5
19657,5,3
110332,5,31
45325,5,55
6624,5,73
10455,5,105
23528,5,111
21341,5,149
5189,5,13
10763,5,11
16406,5,75
19964,5,113
20846,5,29
7753,5,101
12259,5,81
73309,5,85
43257,5,91
24994,5,123
78753,5,145
277680,6,47
17203,6,43
78668,6,115
1153526,6,13
30573,6,35
550660,6,99
494336,6,97
65084,6,103
14444,6,51
62808,6,69
1552058,6,67
137744,6,55
434061,6,53
3005,6,91
3338330,6,73
220500,6,113
135558,6,23
1129,6,3
157327,6,39
273213,6,87
24511,13,291
19559,13,183
66703,13,255
15860,13,271
20374,13,303
13904,22,127
440059,22,33
23884,22,85
25627,22,3
10951,22,65
31368,22,53
21096,22,93
22389,22,43
15568,22,125
432493,22,51
37497,22,11
13241,22,13
127039,22,15
6973,22,23
19135,22,37
42837,22,95
23197,22,75
153279,22,73
129648,22,79
46194,22,117
134758,22,105
62045,22,1
10830,22,123
260419,22,103
9918,22,21
6861,22,35
126604,22,5
33395,22,39
69830,22,45
47244,22,87
10132,22,91
26465,22,121
27463,22,31
8442,22,81
24874,22,67
38158,22,69
110461,22,109
9494,22,25
15670,22,27
20015,22,41
21891,22,7
15744,22,49
59511,22,113
53100,22,89
19259,22,29
14892,22,59
57975,23,17
39715,23,27
152148,23,19
108277,23,1
67055,23,3
295003,23,5
35856,23,23
17709,29,53
6571,29,75
13180,29,133
9174,29,153
12133,29,17
3959,29,103
11551,29,139
29025,29,207
25388,29,7
293086,29,77
9397,29,185
4660,29,197
46305,29,29
225081,29,99
13463,37,143
91010,37,157
10867,37,29
224529,37,71
100880,37,125
62806,37,167
18069,37,199
74470,37,37
209339,37,101
39490,37,145
27203,37,9
55949,37,107
197938,37,133
67029,37,161
37667,37,197
90485,37,23
8036,38,97
4872,38,21
67641,38,101
6801,38,67
2499,38,41
181923,38,17
3241,38,29
16177,38,77
2216,38,1
2287,38,27
8187,38,57
161000,12,85
15237,12,125
41503,12,75
184313,12,113
1952778,12,11
318316,12,33
210738,12,91
33739,12,129
5718,13,201
40280,13,219
26188,13,111
47546,13,175
25925,13,257
26320,13,293
82124,22,97
49348,22,101
22108,22,111
240204,22,17
244390,22,55
46742,22,61
38340,22,119
32511,22,47
140789,22,63
390144,22,71
19930,1,107
12427,1,119
658573,1,73
12589,1,23
31362,1,59
18863,1,91
57961,1,113
26196,1,19
37049,1,39
13772,1,41
37196,1,47
92729,1,77
9726,1,85
18068,1,87
98915,1,83
217702,1,117
89512,1,115
223234,1,3
81209,1,51
105882,1,69
79978,1,121
209355,1,125
13235,1,27
52342,1,31
33114,1,109
55241,1,33
10663,1,37
14651,1,65
102268,1,55
36633,1,53
13805,1,75
19448,1,13
8923,1,105
63521,1,127
12067,1,35
8111,1,63
22394,1,7
113605,1,15
33254,1,17
16302,1,57
226486,1,101
28296,18,179
379299,18,3
26559,18,31
114135,18,35
78522,18,43
32308,18,77
29709,1,93
27735,18,79
158167,18,81
35516,18,103
70489,18,109
33659,18,51
13984,18,111
19646,18,117
271826,18,141
79456,18,85
46258,18,99
10751,18,155
181451,18,163
70465,8,14
180786,10,1
854757,9,9
116782,9,15
8806,21,55
22188,21,115
6489,21,165
25758,21,193
19901,21,51
12630,21,25
37266,21,83
12879,21,31
18886,21,97
8210,21,143
20333,21,231
14651,21,221
9877,21,131
31145,21,121
9194,21,139
49024,21,211
20477,21,27
166998,21,117
92987,21,151
4415,21,189
25769,21,217
12294,21,219
10218,21,53
20122,22,83
203436,22,19
40144,22,9
21730,22,77
97614,22,57
4334,22,107
34634,23,15
16785,23,21
31379,23,29
39772,23,13
122302,23,11
54987,23,9
593490,24,510
255441,24,25
909327,24,33
104628,13,313
69922,13,285
8359,13,197
20247,13,321
10654,13,109
64296,13,103
22646,13,107
289430,13,51
10423,13,173
21863,13,205
8120,13,289
6195,13,263
44451,13,275
9172,13,209
6778,13,243
52276,24,47
207641,23,31
30199,23,7
50484,23,25
25616,24,39
37181,24,41
70416,24,1
325690,24,27
5218,38,73
4230,38,85
1761,38,33
2189,38,95
2264,38,23
3898,38,81
22907,39,105
38885,39,21
168937,39,57
59463,39,87
14508,39,115
21772,39,175
74266,39,43
5311,40,7
13279,40,63
120749,40,31
22194,40,1
43143,40,137
48111,40,19
16231,51,25
11710,51,131
22573,51,163
3981,51,720
22425,53,39
75061,53,27
4488,53,69
97733,53,25
822083,53,61
12573,54,89
34662,54,25
26868,54,57
15907,54,41
8247,54,75
28695,54,83
5821,54,105
8508,54,15
105612,54,61
15065,54,103
178124,54,39
33432,54,77
9554,54,85
20409,54,43
13957,54,7
21457,54,5
20394,54,109
45368,55,33
51439,55,43
115340,55,117
4556,55,78
13031,55,11
118016,55,63
135692,55,73
29649,55,121
87839,55,27
22195,55,125
78981,55,71
15414,55,13
27668,55,29
9298,16,9
45739,16,17
845,16,33
4315,16,37
27511,16,39
13099,16,43
39907,16,65
12882,16,79
16667,16,49
12142,16,81
7681,16,77
10194,16,87
17708,17,67
262966,17,119
51054,17,63
109862,17,91
15437,17,131
922921,17,43
194672,17,167
5761,17,3
31782,17,157
5150233,17,31
50643,17,141
33658,17,137
44498,17,177
13537,17,193
38459,17,203
6646,17,71
307774,17,111
11758,18,9
20257,18,15
23873,18,143
16346,18,45
206341,18,39
10577,18,25
31922,18,55
964582,18,97
25645,19,11
14439,19,23
6960,19,71
6619,19,151
6121,19,173
7044,19,177
7381,19,195
3602,19,3
5496,19,9
11933,19,37
9000,19,51
17258,19,59
151140,19,103
7707,19,135
16854,19,171
34855,19,167
10070,19,69
20165,19,27
42450,19,33
15642,19,67
16846,19,83
8600,19,117
11755,19,119
8886,19,147
11454,19,165
19954,19,87
37185,19,99
15107,19,145
18504,19,157
93206,19,155
17549,19,43
25062,19,17
19620,19,21
9208,19,63
10689,19,77
9558,19,91
33253,19,125
21965,19,183
29927,13,305
44890,13,9
128331,13,59
4006,13,101
29792,13,143
28735,13,169
40096,13,213
17137,13,241
6901,13,283
8165,13,3
11164,13,5
1611699,25,17
466372,25,13
70180,25,11
160830,25,15
150500,26,115
45605,26,59
26467,26,127
87607,26,87
2116,26,83
291830,26,139
28405,26,7
18038,26,79
20997,26,129
14029,26,39
40711,26,57
292406,26,65
22780,26,109
60964,26,149
367601,26,161
51787,26,27
17766,26,19
1749343,26,163
158510,26,75
405813,26,49
68122,26,155
26143,26,29
13975,26,53
23222,27,93
14119,27,113
6207,27,167
64222,27,27
21067,27,45
31364,27,119
15165,27,135
10897,27,165
4991,27,11
29779,27,21
46340,27,49
9846,27,63
21629,27,105
97238,27,141
105089,27,19
45130,27,61
-9999,27,123
50484,27,169
20934,27,39
9126,27,117
138377,27,171
73447,42,111
10309,29,173
11402,30,17
1682,30,75
11004,30,85
2337,30,51
10803,30,83
4736,30,101
1690,30,19
2007,30,45
9140,30,23
1664,30,55
8937,30,87
8613,30,21
6237,30,7
3954,30,71
465,31,9
1794,31,49
748,31,113
5003,31,169
31363,31,1
5192,31,11
1357,31,149
3001,31,163
6445,31,93
1990,31,73
187196,31,153
1919,31,15
5462,31,59
682,31,91
17284,31,159
3487,31,181
-9999,31,23
463,31,5
21513,31,67
6495,31,99
35099,31,119
9034,31,137
9385,31,179
8332,31,107
7755,31,121
2613,31,133
783,31,183
5532,32,15
873,32,9
4505,32,21
24443,55,137
103403,55,39
7287,55,91
17252,55,103
16665,55,65
42754,55,93
50089,55,15
101883,39,29
42126,39,51
29898,39,53
228683,39,99
75314,39,145
35328,39,117
40882,39,135
102351,39,3
41494,39,33
38875,39,59
41172,39,107
134083,39,23
309833,39,93
531687,39,113
234602,39,165
97241,39,7
43538,40,71
14142,40,35
148306,40,17
10073,40,77
19983,40,139
11096,40,127
11085,40,69
30999,36,95
-9999,36,35
158714,36,83
50022,36,33
2253858,36,81
61204,36,115
1628706,36,61
171517,17,113
20916,17,145
15561,17,149
141879,17,161
259686,17,163
11520,17,185
4739,17,13
10766,17,35
21235,17,85
532403,17,89
15678,17,101
6578,17,9
11438,17,123
27114,17,75
32304,17,21
4828,17,59
56750,17,77
179179,17,143
16653,17,181
16344,17,147
6768,17,169
5342,17,175
16426,17,5
53544,17,7
14305,17,15
50621,17,29
21773,17,83
15638,17,39
21336,17,51
28618,17,107
44926,17,117
23491,17,165
28414,17,135
55175,17,195
152940,6,31
-9999,6,63
283111,6,79
999101,6,19
900202,6,29
3175692,6,59
846006,6,111
45905,6,9
96971,6,101
766573,6,81
54478,6,109
762148,6,77
39752,6,5
4265,8,95
14029,8,7
727211,8,31
1406,8,61
6897,8,55
3581,8,9
20356,8,15
6243,8,47
60061,8,45
582881,8,59
769,8,79
6324,8,103
2248,8,115
8205,8,21
5068,8,27
517421,8,1
55127,8,37
8127,8,65
13283,8,81
17767,8,97
1831,8,17
5577,8,11
2055,8,33
1392,8,57
356899,8,69
26183,8,83
8179,8,113
7831,16,15
7155,16,29
87808,16,5
46811,16,11
229849,16,27
40108,16,57
23951,16,75
12196,17,129
108669,17,99
104009,17,115
16215,17,191
38469,17,55
29682,17,109
14501,17,139
4177,17,151
21634,17,173
209689,17,19
12961,17,53
128990,17,93
37205,17,121
13359,17,125
13184,17,25
34637,17,133
282572,17,201
5335,17,153
17161,17,45
32628,17,11
18667,17,33
5739,17,155
34096,17,103
15513,17,159
13887,17,189
13772,17,127
12147,17,17
40515,18,61
30996,18,169
20436,18,75
5972,27,51
9336,27,89
262440,27,163
16337,27,65
24936,13,35
119992,13,45
22372,13,81
148509,13,77
16116,13,83
15457,13,27
57963,13,129
114421,13,113
111744,13,217
18324,13,133
26108,13,85
204441,13,139
167417,15,9
86,15,5
18112,16,45
11392,16,85
40408,16,69
3838,16,61
86878,16,83
30798,13,311
27546,13,225
168667,13,223
19465,13,229
18962,13,231
202518,13,245
13966,13,251
25286,13,267
19397,13,19
69761,13,295
936250,13,135
83240,13,13
13392,13,49
6618,13,65
107738,13,15
146343,13,97
24633,13,131
15115,13,161
8457,13,141
6189,13,37
12947,13,193
153159,13,21
35236,13,145
5257,13,249
12873,13,23
13390,13,93
23349,13,119
2607,13,307
19077,13,171
2971,13,125
2299,13,239
14219,13,159
9643,13,167
61435,13,179
29880,13,195
8090,13,253
40644,13,277
42613,13,233
8020,13,269
8531,13,273
26830,13,279
8954,13,319
15259,13,221
90896,13,247
35734,13,299
7855,13,309
8635,13,315
19234,13,11
79608,13,31
2834,13,61
85292,13,127
5183,32,17
17076,29,143
362294,48,355
12514,48,379
3452,48,385
1291,48,431
5926,48,65
19717,48,161
3933,48,197
1546,48,45
88219,48,291
169,48,301
17074,48,395
54406,48,401
14651,48,455
23112,48,19
7306,48,75
156209,48,91
22968,48,225
50113,48,349
16703,48,415
1350,48,433
88723,48,21
32565,48,25
4797,48,103
58191,50,21
28892,50,17
55062,50,27
636235,49,49
19938,49,13
35734,49,47
355481,49,11
10012,49,15
5051,49,17
37109,51,93
7967,51,620
7446,51,678
50557,51,89
17148,51,101
37591,51,109
22802,51,147
81948,51,165
6422,51,181
14619,51,43
30587,51,117
75558,51,15
23753,51,75
13261,51,113
36885,36,31
76576,36,11
325789,36,87
209281,36,63
1356924,36,59
17807,36,97
47207,36,17
109834,36,45
1476601,36,103
39859,36,121
117124,36,75
89918,36,117
190488,36,7
918702,36,29
75432,36,105
384940,36,71
62317,37,87
57826,1,9
326196,8,13
26729,8,39
10019,8,125
5701,8,73
31011,8,117
9700,8,19
31162,8,29
168424,8,101
42758,8,85
18845,8,93
154210,8,77
12172,8,99
720403,8,41
4908,8,121
656590,8,5
18278,8,89
558753,10,3
234225,10,5
705749,11,1
180333,9,5
891720,9,3
265206,9,11
70461,21,47
101511,21,59
26427,21,85
45210,21,101
16126,21,103
44686,21,107
13329,21,109
60813,21,125
31100,21,157
28572,21,163
28157,21,173
7269,21,181
66799,21,185
10901,21,187
16695,21,203
57004,21,209
132896,21,227
21315,21,3
19788,21,17
46718,21,19
81676,21,29
323152,21,67
5969,21,75
14806,21,119
13309,21,175
30622,21,177
64979,21,199
7157,21,237
19202,21,1
26032,21,13
6614,21,57
170389,18,127
20277,18,147
195732,18,157
338011,18,57
39614,18,87
67843,18,11
38338,18,107
118302,18,19
26225,18,21
22758,18,47
44231,18,71
20799,18,119
24665,18,135
15092,18,13
7054,18,161
33351,18,27
36594,18,83
19169,18,123
12353,18,131
8265,18,171
23629,1,133
83768,1,43
51626,1,71
16326,1,129
-9999,1,103
44428,1,21
49172,1,45
71513,1,49
22722,1,111
413210,1,97
14910,1,29
24686,1,5
10101,1,11
23622,1,25
96774,1,95
148431,18,105
22995,18,149
37689,18,17
65884,18,177
97311,19,61
14773,19,79
12241,19,175
4894,19,159
7152,19,1
9395,19,39
6860,19,93
10246,19,107
34969,19,179
9668,19,25
18627,19,31
8888,19,73
11035,19,115
10354,19,189
12426,19,7
16184,19,95
19991,19,191
39369,19,127
26234,19,15
9158,19,89
10630,19,81
1257584,26,125
9108,26,3
173566,26,121
21761,26,89
30950,26,35
41170,26,151
69872,26,73
5720,26,131
52245,26,157
10405,26,1
64697,26,67
83156,26,111
153401,26,21
8241,26,135
33631,26,165
79595,26,37
25239,26,43
30981,26,63
759297,13,89
72977,13,157
15362,13,163
7921,13,181
195769,13,215
11137,13,235
6621,13,259
12037,13,281
7985,13,287
9416,13,155
18386,13,1
19109,13,25
579234,24,3
827370,24,5
259547,24,21
92525,24,9
29014,24,23
19422,24,29
1050688,24,31
168447,24,13
50381,24,35
113510,24,37
163257,24,17
31929,24,19
151049,24,43
103609,24,45
102855,24,15
33406,24,11
803907,25,25
212990,25,1
17332,25,7
124944,25,3
565217,25,5
521202,25,23
789034,25,9
706775,25,21
830622,25,27
11399,25,19
37349,26,33
118081,26,5
5712,40,55
19596,40,91
14073,40,99
31127,40,115
81289,40,145
28762,40,15
67997,40,101
47995,40,13
220944,41,29
7199,41,23
418187,41,5
27036,41,57
87487,41,33
77950,41,59
52354,41,9
26682,41,65
382067,41,39
-9999,41,67
40224,41,7
3781,46,85
4351,46,39
5297,46,15
4185,46,53
193134,46,99
3736,46,25
4939,46,77
14070,46,27
5892,46,41
17526,46,65
2344,46,111
3191,46,59
22814,46,135
18453,46,5
19775,46,35
2013,46,73
3098,46,117
2153,46,107
9292,46,23
4935,46,91
2865,46,105
10177,46,121
14177,46,102
191283,47,165
11284,47,169
7615,47,27
937166,47,157
169561,55,59
8445,56,19
99500,56,21
23464,56,39
17370,51,570
17205,1,67
372909,1,89
55869,1,1
40367,1,123
26271,1,61
10373,1,131
5634,2,16
836,2,60
12998,2,150
7621,2,188
18386,2,50
9832,2,185
8493,2,220
96849,2,90
13901,2,130
108317,2,170
10004,2,180
4916,2,70
2530,2,100
579,2,282
1592,2,164
6893,2,240
288000,2,20
3337,2,13
9202,2,261
2148,2,105
1183,2,230
2502,2,275
3266,2,195
1047279,4,19
4485414,4,13
38837,4,9
46498,4,23
21108,4,12
212181,4,15
143476,4,5
213787,4,27
9498,4,11
462789,4,21
8252,5,99
16419,5,37
18219,5,43
23457,5,27
122437,5,125
16545,5,141
13629,5,65
37825,5,63
21466,5,83
47955,5,35
17715,5,47
10718,5,109
66824,5,69
8986,5,97
10281,5,127
127827,5,131
279141,5,7
10118,5,17
26578,5,71
19035,21,99
7403,21,129
8471,21,223
12150,21,61
4380,21,105
8303,21,23
46233,21,179
13275,21,135
19273,21,155
26734,21,239
133581,21,15
54115,21,113
15317,21,127
21553,21,133
65418,21,145
57876,21,195
36264,21,235
-9999,21,5
35589,21,71
50991,21,73
17231,21,147
12161,21,153
10071,21,169
24460,21,205
18572,21,213
36263,21,49
4760,21,39
10631,21,41
14106,21,65
8869,21,77
53431,22,99
47429,22,115
16338,19,121
31974,2,110
5230,2,290
2097,2,68
58708,2,122
6203,2,198
8314,2,158
54018,4,7
125922,4,3
71887,4,1
235099,4,25
110924,4,17
14551,5,21
7009,5,39
17958,5,121
37432,5,9
13024,5,79
18265,5,53
126007,5,45
16694,5,89
7881,5,129
63257,5,33
33771,5,59
16576,5,87
33657,19,111
9917,19,137
22095,19,123
16016,19,41
7870,19,53
6441,19,185
226706,19,113
13753,19,141
7777,20,193
31829,20,125
2530,20,153
1994,20,25
31670,20,61
6856,20,167
6414,20,145
2657,20,23
2530,20,49
34429,20,79
3838,20,93
4156,20,185
1232,20,71
28553,20,51
19618,20,99
21428,20,175
602401,20,91
2521,20,179
1518,20,199
17782,5,107
17007,5,133
-9999,5,19
6701,5,95
-9999,5,103
17486,5,1
28380,5,15
391911,5,119
64386,6,33
98451,26,91
29144,26,105
63888,26,117
15118,26,113
159128,26,147
75677,26,159
14883,26,11
61550,26,15
11066,26,71
24019,26,143
8094,26,153
43517,26,23
93088,26,55
10799,26,97
23324,26,9
35684,26,61
471519,32,31
55916,32,510
151391,33,13
61303,33,1
130633,33,17
618795,34,25
140488,34,37
798975,34,13
291636,34,15
501826,34,31
932202,34,3
105267,34,41
6280,51,21
33419,51,23
16762,51,520
14954,51,830
29791,51,35
53740,51,191
23902,51,139
159428,51,510
134510,51,650
236842,51,13
21004,51,27
152882,51,179
230436,51,760
10953,51,57
40595,51,185
17478,51,685
11159,51,183
41085,51,683
25301,51,775
11880,51,37
11336,51,81
290536,53,67
3985,53,13
28859,48,407
41753,48,459
55246,48,473
51070,48,493
23021,48,219
176832,48,329
21795,48,299
35514,48,147
229211,48,41
21492,48,165
21886,48,179
8935,48,237
18685,48,35
2003554,48,29
3509,48,23
887207,48,121
342139,48,167
854,48,393
26741,48,463
65435,17,1
37562,17,27
104897,17,37
6395,17,47
9610,17,79
37684,17,81
75758,17,183
690743,17,197
66597,17,199
15441,17,23
19465,17,41
34008,17,49
34340,17,57
12969,17,61
8116,17,65
3821,17,69
48913,17,73
12417,17,87
-9999,17,95
696535,17,97
35648,17,105
4951,17,171
131803,17,179
16844,17,187
36520,18,69
12562,19,197
8857,5,77
11361,5,41
12477,5,49
12836,19,29
11235,19,35
16820,19,47
38967,19,57
19650,19,65
14049,19,85
14813,19,109
15109,19,129
8615,19,133
42664,19,139
5958,19,143
490161,19,153
35904,19,187
97117,19,169
103107,19,193
131228,19,13
12232,19,75
19439,19,97
20681,19,105
10586,19,131
51466,19,181
9721,19,161
25177,19,149
21175,19,19
46429,19,45
17011,19,55
18295,19,101
13687,19,5
172943,19,163
93453,19,49
5917,20,181
2006,20,187
4033,20,119
5620,20,127
9164,20,151
4920,20,163
7858,20,3
6102,20,53
5436,20,77
33619,20,57
33195,20,111
9707,20,117
12369,20,1
1700,20,33
34908,20,35
2636,20,63
25544,20,59
1794,20,83
2879,20,89
9537,20,159
28542,20,113
15949,20,139
8179,20,31
38818,20,37
5982,20,73
9703,20,107
516042,20,173
12285,6,105
2470546,6,65
2180085,6,71
258826,6,41
43539,6,93
180080,6,89
27812,6,15
21547,6,11
219186,6,7
5485,20,189
3583,20,183
7150,20,67
13171,20,85
7152,20,95
2794,20,109
10231,20,131
24383,20,149
165429,20,209
19939,20,21
66911,20,15
8002,20,27
2962,20,105
54224,20,169
-9999,20,191
2803,20,195
6931,20,197
8525,20,205
3138,20,207
5979,20,123
3421,20,141
14534,20,11
36467,20,55
2475,20,97
81758,20,103
5406,20,201
3250,20,19
2587,20,129
61998,20,155
25779,20,9
7600,20,43
-9999,20,81
1535,20,101
4823,20,171
11884,20,115
9564,20,13
5704,20,143
74232,20,161
2827,20,39
18466,20,41
17666,21,79
35098,21,89
93584,21,37
7517,21,63
25069,21,81
14398,21,123
27102,21,141
21933,21,167
14590,21,191
17923,21,207
12095,21,229
8841,6,49
18039,6,27
446499,6,83
181215,6,25
1671329,6,1
192843,6,17
881549,6,75
466195,6,107
99755,6,57
86749,6,45
10039107,6,37
1927852,6,85
398329,6,61
447643,6,95
28393,6,21
2750,20,135
16073,20,5
2539,20,75
176875,20,177
2119,20,203
5361,20,137
8786,20,29
2798,20,47
3036,20,165
16007,20,133
5234,20,147
4427,20,7
19043,20,87
14581,21,69
26797,21,43
766757,21,111
17070,21,161
2108,21,201
19351,21,215
7888,21,7
10941,21,87
11195,21,159
24549,21,137
23994,21,183
12942,21,233
16159,21,45
7097,8,63
17462,8,51
4952,8,91
324492,8,123
3887,8,23
351154,8,35
56221,8,67
11267,8,105
6061,8,25
728,8,111
22409,8,75
25388,8,119
14506,8,71
25638,8,107
-9999,8,3
47839,8,43
29068,8,87
6824,8,109
61643,48,221
445349,34,5
23709,35,29
32723,35,55
11941,35,7
625,35,21
8253,35,37
10417,28,103
28321,28,137
34192,28,107
12108,28,161
28065,28,29
231840,28,49
28815,28,145
22015,28,139
74897,28,35
54019,28,71
58595,28,87
8630,28,157
11128,28,65
28124,28,123
29690,28,163
30628,28,11
39288,28,113
18336,28,131
9742,28,69
25110,28,133
30693,28,1
184945,28,33
566747,42,45
382295,37,67
32722,37,17
69473,37,31
18947,37,15
22440,37,117
94186,51,161
93245,48,37
762,48,263
9128,48,425
57602,48,199
17404,48,289
13595,48,351
15976,48,389
1273954,48,453
2920,48,87
42698,48,143
1200,48,345
8175,48,83
51584,48,325
82737,48,213
49859,48,277
4337,48,267
35882,48,477
9366,48,429
18705,48,3
20837,48,177
5951,48,305
14179,48,505
16700,13,17
22383,13,33
67580,13,47
10907,13,53
24789,13,55
156714,13,73
26404,13,87
98498,13,115
244252,13,117
45328,13,137
26205,13,147
117406,13,185
14378,13,191
21167,13,199
27578,13,207
22119,13,237
29524,13,261
1537,13,265
5254,13,301
3038,13,7
39627,13,29
10803,13,43
54666,13,39
12404,13,79
10190,13,99
43273,13,69
760141,13,67
31369,13,123
94593,13,297
9777,13,317
20605,13,91
19194,13,105
258773,13,57
8676,13,165
29992,13,177
32591,13,227
45600,13,71
17270,13,75
292256,13,63
1063937,13,121
201513,15,1
974563,15,3
72293,15,7
109888,18,91
24102,18,181
33562,18,73
10255,18,101
44729,18,145
28324,18,137
20669,18,153
15148,18,159
107038,18,167
62998,18,173
43475,18,33
83779,18,5
16581,18,139
19974,18,49
485493,18,89
47744,18,113
35777,18,1
23102,18,41
170311,18,63
42736,18,37
65769,18,53
78168,18,59
82544,18,67
5875,18,115
16937,18,121
33964,18,183
8748,18,7
32399,18,23
37576,18,133
28036,18,175
49458,18,29
47972,18,65
45370,18,93
129569,18,95
12389,18,125
25427,18,129
34594,18,151
15498,18,165
34237,20,121
4636,20,157
2482,20,65
122259,20,45
5988,20,69
2648,20,17
8722,21,91
12500,21,11
44249,21,9
30060,21,21
26010,21,95
110958,21,93
9207,21,149
10650,21,171
12359,21,197
14381,21,225
12747,21,33
39001,21,35
820,8,53
15734,8,49
191995,26,93
25127,26,69
11853,26,85
24558,26,101
9328,26,119
12592,26,141
25449,26,51
265066,26,77
43453,26,107
66699,26,103
48980,26,123
23460,26,133
24668,26,137
134159,26,25
25276,26,31
6229,26,95
656955,26,81
873972,26,99
190539,26,145
8209,26,13
103126,26,17
110268,26,45
35784,26,41
33415,26,47
12229,27,71
33386,27,97
66972,27,131
36649,27,147
4055,27,125
15886,27,1
13653,27,43
8194,27,101
43199,27,67
10641,27,75
9315,27,133
14865,27,143
3259,27,155
34423,27,5
1265843,27,53
25008,27,15
11800,27,23
8818,27,29
-9999,27,57
40596,27,59
272,48,269
52646,48,73
5331,48,119
20083,48,253
40482,48,249
7287,48,111
811688,48,157
1536,48,235
21358,48,489
12728,48,115
18443,48,51
37007,72,85
50023,72,145
17623,72,59
21712,72,121
15518,72,67
27395,72,141
11317,72,54
34891,72,99
27128,72,123
28117,47,77
54495,47,89
15026,47,153
27767,47,17
694144,47,37
8076,47,135
12422,47,121
17304,47,75
208993,47,125
13427,47,61
36004,47,29
20490,47,41
12268,47,101
30069,47,131
61599,47,167
37159,47,45
367804,47,65
4531,16,71
24030,16,31
5366,16,63
4294,16,3
13876,16,41
24412,16,53
165697,16,55
21039,16,67
11823,16,73
23021,16,13
12245,16,21
2597,16,23
15179,16,47
481587,16,1
6125,16,7
119062,16,19
1106,16,25
8756,16,35
29871,16,51
8027,16,59
35858,37,113
45756,37,111
69685,37,69
9419,37,103
142820,37,19
34385,37,175
46994,37,13
55508,37,47
86111,37,109
27173,37,123
148476,37,135
44829,37,153
63531,37,163
71783,37,171
17557,37,11
261191,37,21
216453,37,25
22604,37,33
42846,37,59
167609,37,57
58741,37,61
321488,37,63
23677,37,91
61779,37,105
234473,37,129
63060,37,141
123131,37,191
34823,37,165
56177,37,189
50010,37,83
169509,37,1
4016,37,177
31489,38,89
3834,38,103
2115,38,13
10545,38,61
37589,38,105
928,38,7
2480,38,43
3762,38,19
2274,38,37
5745,38,49
1890,38,91
6832,38,5
4046,38,45
31364,38,59
4424,38,25
2497,38,51
2879,38,63
14176,38,79
-9999,38,99
6282,38,9
10415,38,3
69451,38,35
15024,38,53
9450,38,55
3975,38,69
80485,36,19
34016,36,99
98320,36,79
61319,36,43
109777,36,69
95379,36,101
4416,36,41
126903,36,13
2559903,36,47
48203,36,107
40352,36,73
229863,36,91
59461,36,21
26296,36,49
967506,36,119
44135,36,25
49221,36,57
476143,36,85
107740,36,89
102180,36,109
63944,36,113
47581,36,23
294218,36,27
741770,36,55
228671,36,65
177573,36,111
83456,36,15
62914,36,51
59493,36,77
47188,36,39
305506,36,1
46091,36,3
76117,36,9
70941,36,53
155299,36,93
57280,36,37
24913,36,123
21069,37,79
14964,37,121
13943,37,41
35529,48,241
251565,48,245
3667,48,271
2112,48,359
12893,48,279
3233,48,295
7984,48,307
4274,48,319
2211,48,125
17239,48,287
2102515,48,439
57735,48,1
184826,48,139
14760,48,239
52600,48,265
24823,48,331
13635,48,93
17297,48,145
7093,48,47
30680,48,273
41257,48,97
5737,48,107
3830,48,151
11157,48,131
11931,48,31
10321,72,95
131881,72,113
72025,72,135
74271,72,137
8386,72,147
32282,72,151
36694,72,3
124606,72,25
38307,72,41
38336,72,43
36141,72,51
17665,72,89
27725,72,19
20220,72,107
35989,72,129
10904,72,37
15808,72,39
40423,72,71
13891,72,73
24276,72,81
318441,72,127
36061,72,143
5430,72,93
38880,56,1
14800,56,7
13211,56,15
20226,56,41
7805,56,43
4413,56,17
39261,56,13
9831,56,35
6927,56,45
22108,72,9
38155,72,77
22010,72,79
17363,72,1
30504,72,27
25761,72,103
27349,72,105
81966,72,13
17238,72,15
22918,72,115
39465,72,57
1714,72,49
47093,72,63
23727,72,17
33575,72,153
50265,72,5
47515,72,23
16211,72,109
21372,72,149
146984,72,31
42409,72,35
50653,72,69
30335,72,101
63674,72,139
37287,72,91
19249,72,111
13656,72,117
30227,72,125
35528,72,131
169269,72,21
44674,72,29
18648,72,45
44679,72,75
7927,72,83
32293,72,47
155027,42,55
44923,42,119
1850,38,47
2327,38,75
3024,38,11
95626,38,15
1959,38,65
20704,38,93
11519,38,71
3210,38,31
2231,38,39
1315,38,83
750,38,87
58988,39,159
27772,39,131
18672,39,125
817473,39,61
1316756,39,49
65093,39,101
91987,39,157
115710,39,169
43432,39,15
383134,39,17
38284,40,123
3583,40,129
20211,40,153
48657,40,21
43009,40,41
3859,40,45
55834,40,51
81784,40,119
-9999,40,125
71522,40,37
7250,40,141
10916,40,149
5666,40,33
8708,40,75
49853,40,79
32832,40,89
7629,40,93
41100,40,97
797434,40,109
29003,40,39
10253,40,85
21859,40,9
14672,40,23
24530,40,65
34877,40,81
16376,40,117
24258,40,133
2137,40,25
9429,40,11
5495,40,29
4333,40,53
15765,40,73
40474,40,87
16931,40,95
11131,40,103
10076,40,105
92459,40,131
41569,40,135
30032,48,15
404,48,261
21493,48,89
66730,48,409
137713,48,381
6055,48,411
2793,48,413
11840,48,507
21290,48,57
1155,48,155
7658,48,175
8461,48,193
8545,48,335
32750,48,449
20154,48,285
12337,48,445
69984,48,497
36643,48,321
15823,48,371
104915,48,397
138034,48,441
1501,48,447
72971,48,471
45539,48,499
23510,48,7
2853,48,79
3387,48,81
75951,48,99
3819,48,211
20940,48,341
117415,48,375
8237,48,405
3265,48,417
64633,48,427
3657,48,461
37864,48,49
2964,48,191
10725,48,159
20306,48,163
21428,48,281
27037,50,19
7235,50,13
163774,50,7
25362,50,15
49402,50,11
29993,50,5
42222,50,25
35470,50,3
36777,50,1
6163,50,9
58409,50,23
13188,49,27
72259,49,45
177556,49,53
7886,49,25
42145,49,43
9754,49,19
1479,49,31
2483,49,33
34091,49,51
51361,42,127
47888,42,9
170271,42,89
45144,42,61
206865,42,125
1584064,42,101
449058,42,133
84073,42,63
253370,42,41
1216045,42,3
348899,42,129
7247,42,53
121829,42,13
85512,42,73
60323,42,15
130192,42,21
524989,42,29
421164,42,11
46138,42,87
3617,29,129
18289,29,229
249948,29,47
15573,29,65
22761,29,195
2013,29,227
9850,29,79
20627,29,141
6270,29,179
994205,29,189
31952,29,209
35789,29,9
180463,29,19
76745,29,51
23920,29,55
10125,29,93
15227,29,117
16132,29,135
15805,29,155
42339,29,159
8166,29,203
24748,29,175
29131,29,69
103967,29,71
10001,29,89
703011,29,95
25619,29,131
4696,29,171
55928,29,213
87364,29,21
9020,29,25
105780,29,37
20387,29,49
16878,29,59
9544,29,85
59013,29,113
8644,29,137
58236,29,145
18302,29,163
402022,29,183
11993,40,107
5702,40,3
8793,40,151
284014,40,27
13758,40,5
26835,41,61
347818,41,47
110980,41,19
24658,41,31
86085,41,53
197692,41,17
129749,41,43
107100,41,71
16124,41,1
68238,41,35
-9999,41,41
93053,41,3
24404,41,13
1780,41,55
7393,41,25
30571,41,45
7208,41,63
1332,41,69
11603,41,49
64487,41,11
14066,45,9
192122,45,13
14553,45,17
30479,45,33
20473,45,81
415759,45,79
22347,45,39
19222,45,49
523542,45,45
98012,45,57
162809,45,35
138293,45,41
67493,45,59
9463,45,65
126884,45,77
27316,45,87
30368,45,89
2751,46,3
7052,46,51
5441,46,123
2756,46,137
6376,46,115
6901,46,9
35077,46,11
6713,46,47
6164,46,57
3344,46,71
8972,46,33
1301,46,69
2299,46,49
7291,46,67
5435,46,129
1962,46,17
56046,49,3
54839,49,21
30939,49,39
21620,49,41
260213,49,57
15308,49,37
1160437,49,35
950,49,9
2711,49,55
20463,49,7
12124,49,29
128289,49,5
12017,49,23
76523,51,95
26586,51,167
30104,51,173
47266,51,540
54885,51,31
330818,51,87
26836,51,99
10603,51,103
23423,51,105
8834,51,115
10582,51,119
38353,51,149
9023,51,159
21566,51,169
136215,51,177
15911,51,11
56042,51,67
7025,51,97
98535,51,121
23091,51,127
9932,51,49
14318,51,51
33911,51,83
413538,51,107
470335,51,153
17631,51,175
6710,49,1
2190,51,91
30725,51,33
37348,51,73
17608,51,141
29652,51,145
43616,51,171
-9999,51,61
24932,51,790
22582,53,3
19983,53,1
2225,53,23
66768,53,45
129205,53,57
45723,53,65
522798,53,63
10939,53,43
77200,53,7
32221,53,31
271473,53,35
5982,29,35
7561,29,57
11920,29,115
40117,29,91
54062,29,101
35723,29,105
8697,29,125
44573,29,161
104418,29,165
-9999,29,187
300576,29,510
17712,29,3
42478,29,23
8679,29,33
8278,29,61
4403,29,87
28530,29,127
13615,29,151
13288,29,181
35649,29,219
24730,29,221
88595,29,43
12547,29,63
8352,29,81
32708,29,107
25343,29,1
4902,29,199
6089,29,211
6797,29,45
121328,29,97
9776,29,111
22837,29,119
19136,29,157
32149,29,167
23018,29,177
16484,30,41
5635,30,15
19980,30,53
16606,30,67
696,30,103
6681,30,5
3737,30,97
6147,30,99
1077,30,79
13753,30,35
2846,30,25
821,30,37
34915,30,93
9642,30,95
12221,30,43
3379,30,39
2126,30,107
8600,30,57
78871,29,31
5930,29,205
39592,29,225
5143,29,5
16172,29,13
19443,29,15
10394,46,109
2921,46,43
1298,46,63
2379,46,89
1391,46,119
61128,46,83
12797,46,79
25844,46,81
28009,46,29
10429,46,19
4086,46,31
3829,46,45
1376,46,21
3365,46,7
1899,46,55
903,46,75
28332,46,93
8384,46,125
38839,46,13
3453,46,61
5586,46,87
2061,46,95
6576,46,101
113775,46,103
15932,46,127
2216,46,97
56520,47,31
41133,47,47
6620,47,67
56786,47,73
17788,47,91
34366,47,103
24602,47,111
6488,47,127
71813,47,147
42208,47,51
133088,47,9
40667,47,21
56391,47,19
23320,47,57
29464,47,55
25633,47,97
44142,47,99
97984,47,113
28907,47,115
5424,46,37
22241,47,133
5048,47,137
16673,47,181
238412,47,187
49713,47,3
69069,47,59
60520,47,35
5872,47,175
31959,47,25
25178,47,81
-9999,47,85
80245,47,141
2252782,53,33
22471,53,49
13724,53,51
17582,53,55
12083,53,59
50104,53,75
250873,53,77
77331,53,9
110593,53,15
7627,53,19
23175,54,27
21939,54,9
8448,54,17
13776,54,31
56072,54,49
23424,54,59
28810,54,29
30531,54,51
24496,54,67
6839,54,93
8591,54,95
13688,54,87
16695,54,91
83518,54,107
7823,54,21
26516,54,53
13275,54,63
7460,54,73
91945,54,11
57146,54,37
80707,53,41
43429,53,17
85141,53,29
904980,53,53
95222,53,21
60760,53,71
229247,53,73
11568,54,23
32019,54,45
6969,54,71
67256,54,33
41411,54,69
7109,54,13
17884,54,65
73361,54,81
56450,54,79
16441,54,1
17624,54,47
39402,54,99
28576,54,35
58758,54,55
24176,54,97
8114,54,101
119171,54,3
42406,54,19
5687,55,51
34774,55,19
3309,30,91
1252,30,11
13319,30,3
30458,30,47
69432,30,49
5911,30,73
161300,30,111
119600,30,63
43806,30,81
7396,30,105
81366,30,13
11050,30,27
1258,30,33
4397,30,61
487,30,69
6890,30,77
12113,30,89
969,30,109
114434,30,31
1862,30,59
10725,30,9
9453,30,1
103806,30,29
4633,30,65
3380,31,83
13679,31,185
49659,31,19
10709,31,37
2762,31,87
33470,31,141
5213,31,143
10783,31,13
2955,31,17
5246,31,161
319090,31,109
4148,31,129
745,31,7
2627,31,63
571327,31,55
7865,31,147
10067,31,89
-9999,31,65
14224,31,151
7224,31,173
20729,31,177
5689,31,31
36565,31,53
1837,31,69
4642,31,123
6972,31,127
722,31,171
20026,31,43
6298,31,3
3924,31,29
6203,31,35
10777,31,41
2979,31,61
9324,31,81
7046,31,95
11663,47,39
98250,47,155
13715,47,161
17297,47,23
11786,47,87
25694,47,109
53382,47,145
108110,47,11
64934,47,63
19972,47,173
25652,47,71
53948,47,43
21403,47,129
46545,47,123
32345,47,79
14230,47,33
7016,47,95
470313,47,93
53794,47,107
34375,47,117
33167,47,143
22068,47,151
76978,47,1
18523,47,49
49133,47,53
25050,47,69
54068,47,105
332285,47,149
20157,47,159
144657,47,189
17883,47,171
22925,41,15
1912,41,21
23382,41,27
7869,41,37
812855,41,51
55809,42,103
40372,42,109
40328,42,115
84629,42,39
269728,42,49
14530,42,57
24763,42,67
141359,42,107
26794,42,131
103009,42,1
64735,42,5
38632,42,35
64182,42,25
162385,42,27
90843,42,97
305285,42,95
50668,42,121
163929,42,7
209674,42,69
40625,42,83
129274,42,51
830915,42,91
90687,55,109
37930,55,83
27593,55,69
50990,55,135
45244,55,5
16558,55,113
18913,55,47
13351,55,99
15574,55,77
40350,55,75
945726,55,79
196311,55,101
171907,55,139
9004,55,41
36960,55,45
14178,55,107
40899,55,115
19189,55,67
187885,55,87
30822,55,123
57532,55,21
20434,55,61
264542,55,9
104646,55,35
35595,55,85
43783,55,95
15720,55,129
404198,55,133
103868,55,127
16131,55,23
26687,55,57
64442,55,111
136034,55,131
64658,55,17
546695,55,25
43150,55,31
20643,55,53
23678,55,49
89221,55,89
70772,55,97
163354,55,105
20343,55,119
20220,55,1
15036,55,7
46253,55,81
72999,55,141
15562,55,3
4295,55,37
84769,55,55
46341,56,5
19830,56,23
79858,56,25
13822,56,9
2356,56,27
42343,56,37
27270,51,65
13145,51,7
18249,51,750
28078,51,840
8034,31,101
664,31,115
2891,31,135
21578,31,155
35618,31,157
806,31,103
3632,31,105
34914,31,111
7148,31,139
1166,31,165
6459,31,21
26248,31,25
8846,31,39
5636,31,51
1693,31,57
623,31,75
2356,31,77
61353,31,79
922,31,85
16012,31,131
10724,31,145
8402,31,27
-9999,31,45
5071,31,97
8910,31,33
23595,31,47
1969,31,71
494,31,117
3519,31,125
5920,31,167
4158,31,175
24909,32,1
48905,32,5
6725,32,27
2029,32,11
16831,32,13
9580,32,33
52778,32,7
46523,32,23
4123,32,29
2266715,32,3
57510,32,19
76085,33,5
89886,33,9
309769,33,15
43146,33,19
417025,33,11
31563,33,7
48910,33,3
367430,34,21
149527,34,11
328934,34,35
607186,34,29
263670,34,1
825062,34,23
62385,34,33
92039,34,9
506471,34,7
556341,34,39
18230,42,93
79255,42,33
141793,42,75
113299,42,81
39191,42,123
187853,42,19
29910,42,47
545724,42,71
109424,42,85
16526,42,105
40591,42,117
82082,44,5
638931,44,7
48479,44,1
170872,45,3
8688,45,5
27260,45,37
32244,45,23
37677,45,29
30657,45,67
298750,45,63
79546,45,73
227907,45,15
411406,45,19
62680,45,43
26118,45,69
202558,45,7
45650,45,25
70811,45,47
354081,45,51
66551,45,55
86175,45,75
319785,45,83
15040,39,67
62322,39,83
176862,39,89
121154,39,139
13085,39,163
26914,39,19
75783,39,63
206428,39,25
157574,39,45
38087,39,39
43161,39,71
27006,39,69
65325,39,81
162466,39,133
33861,39,137
67006,39,13
41968,39,27
28525,39,47
36134,39,127
58457,39,129
44731,39,97
86215,39,119
58518,39,143
28275,39,161
59911,39,167
32316,51,1
5131,51,45
15749,51,63
16720,51,71
15550,51,77
15232,51,135
7370,51,157
6963,51,36
52605,51,47
28544,51,53
19819,51,79
107766,51,85
12196,51,111
37051,51,137
5346,51,595
28684,51,197
244835,51,550
53016,51,660
109330,51,3
78997,51,19
17148,51,29
37383,51,195
5538,51,580
94398,51,740
449974,51,810
14860,51,5
6347,51,640
18015,51,193
12095,51,133
34027,51,155
40164,51,187
40044,51,590
29036,51,630
31605,51,9
4147,51,17
22529,51,670
179225,51,700
89313,51,69
82168,51,680
68280,51,199
12554,51,690
14930,51,125
60354,51,143
6478,51,530
14617,51,610
31346,51,730
12271,51,735
24019,51,600
22630,51,820
99143,51,770
92108,51,800
242742,51,710
352802,51,41
1147532,51,59
42243,53,47
47935,53,37
204390,53,5
488241,53,11
41277,47,177
